# index	id	name	kind	path	span	signature	symbol_kind	container	doc	locals
0	dir:.	.	dir	.						
1	dir:crates	crates	dir	crates						
2	dir:crates/gv-app	gv-app	dir	crates/gv-app						
3	dir:crates/gv-app/src	src	dir	crates/gv-app/src						
4	dir:crates/gv-app/src/bin	bin	dir	crates/gv-app/src/bin						
5	file:crates/gv-app/src/bin/graphvisualizer.rs	graphvisualizer.rs	file	crates/gv-app/src/bin/graphvisualizer.rs						
6	file:crates/gv-app/src/layout_slot.rs	layout_slot.rs	file	crates/gv-app/src/layout_slot.rs						
7	file:crates/gv-app/src/lib.rs	lib.rs	file	crates/gv-app/src/lib.rs						
8	file:crates/gv-app/src/input.rs	input.rs	file	crates/gv-app/src/input.rs						
9	file:crates/gv-app/src/cli.rs	cli.rs	file	crates/gv-app/src/cli.rs						
10	file:crates/gv-app/src/app.rs	app.rs	file	crates/gv-app/src/app.rs						
11	file:crates/gv-app/src/headless.rs	headless.rs	file	crates/gv-app/src/headless.rs						
12	file:crates/gv-app/Cargo.toml	Cargo.toml	file	crates/gv-app/Cargo.toml						
13	dir:crates/rkg-core	rkg-core	dir	crates/rkg-core						
14	dir:crates/rkg-core/src	src	dir	crates/rkg-core/src						
15	file:crates/rkg-core/src/lib.rs	lib.rs	file	crates/rkg-core/src/lib.rs						
16	file:crates/rkg-core/src/export.rs	export.rs	file	crates/rkg-core/src/export.rs						
17	file:crates/rkg-core/src/query.rs	query.rs	file	crates/rkg-core/src/query.rs						
18	file:crates/rkg-core/Cargo.toml	Cargo.toml	file	crates/rkg-core/Cargo.toml						
19	dir:crates/gv-web	gv-web	dir	crates/gv-web						
20	dir:crates/gv-web/src	src	dir	crates/gv-web/src						
21	file:crates/gv-web/src/lib.rs	lib.rs	file	crates/gv-web/src/lib.rs						
22	file:crates/gv-web/Cargo.toml	Cargo.toml	file	crates/gv-web/Cargo.toml						
23	dir:crates/gv-render	gv-render	dir	crates/gv-render						
24	dir:crates/gv-render/shaders	shaders	dir	crates/gv-render/shaders						
25	file:crates/gv-render/shaders/graph.wgsl	graph.wgsl	file	crates/gv-render/shaders/graph.wgsl						
26	dir:crates/gv-render/src	src	dir	crates/gv-render/src						
27	file:crates/gv-render/src/camera.rs	camera.rs	file	crates/gv-render/src/camera.rs						
28	file:crates/gv-render/src/lib.rs	lib.rs	file	crates/gv-render/src/lib.rs						
29	file:crates/gv-render/src/edges.rs	edges.rs	file	crates/gv-render/src/edges.rs						
30	file:crates/gv-render/src/renderer.rs	renderer.rs	file	crates/gv-render/src/renderer.rs						
31	file:crates/gv-render/src/nodes.rs	nodes.rs	file	crates/gv-render/src/nodes.rs						
32	file:crates/gv-render/Cargo.toml	Cargo.toml	file	crates/gv-render/Cargo.toml						
33	dir:crates/gv-gpu	gv-gpu	dir	crates/gv-gpu						
34	dir:crates/gv-gpu/src	src	dir	crates/gv-gpu/src						
35	file:crates/gv-gpu/src/lib.rs	lib.rs	file	crates/gv-gpu/src/lib.rs						
36	file:crates/gv-gpu/src/buffers.rs	buffers.rs	file	crates/gv-gpu/src/buffers.rs						
37	file:crates/gv-gpu/src/context.rs	context.rs	file	crates/gv-gpu/src/context.rs						
38	file:crates/gv-gpu/Cargo.toml	Cargo.toml	file	crates/gv-gpu/Cargo.toml						
39	dir:crates/rkg-ingest	rkg-ingest	dir	crates/rkg-ingest						
40	dir:crates/rkg-ingest/src	src	dir	crates/rkg-ingest/src						
41	file:crates/rkg-ingest/src/symbols.rs	symbols.rs	file	crates/rkg-ingest/src/symbols.rs						
42	file:crates/rkg-ingest/src/lib.rs	lib.rs	file	crates/rkg-ingest/src/lib.rs						
43	file:crates/rkg-ingest/src/resolver.rs	resolver.rs	file	crates/rkg-ingest/src/resolver.rs						
44	dir:crates/rkg-ingest/src/lang	lang	dir	crates/rkg-ingest/src/lang						
45	file:crates/rkg-ingest/src/lang/csharp.rs	csharp.rs	file	crates/rkg-ingest/src/lang/csharp.rs						
46	file:crates/rkg-ingest/src/lang/markdown.rs	markdown.rs	file	crates/rkg-ingest/src/lang/markdown.rs						
47	file:crates/rkg-ingest/src/lang/java.rs	java.rs	file	crates/rkg-ingest/src/lang/java.rs						
48	file:crates/rkg-ingest/src/lang/c.rs	c.rs	file	crates/rkg-ingest/src/lang/c.rs						
49	file:crates/rkg-ingest/src/lang/kotlin.rs	kotlin.rs	file	crates/rkg-ingest/src/lang/kotlin.rs						
50	file:crates/rkg-ingest/src/lang/js.rs	js.rs	file	crates/rkg-ingest/src/lang/js.rs						
51	file:crates/rkg-ingest/src/lang/rust.rs	rust.rs	file	crates/rkg-ingest/src/lang/rust.rs						
52	file:crates/rkg-ingest/src/lang/python.rs	python.rs	file	crates/rkg-ingest/src/lang/python.rs						
53	file:crates/rkg-ingest/src/path.rs	path.rs	file	crates/rkg-ingest/src/path.rs						
54	file:crates/rkg-ingest/src/registry.rs	registry.rs	file	crates/rkg-ingest/src/registry.rs						
55	file:crates/rkg-ingest/Cargo.toml	Cargo.toml	file	crates/rkg-ingest/Cargo.toml						
56	dir:crates/rkg-mcp	rkg-mcp	dir	crates/rkg-mcp						
57	dir:crates/rkg-mcp/src	src	dir	crates/rkg-mcp/src						
58	file:crates/rkg-mcp/src/server.rs	server.rs	file	crates/rkg-mcp/src/server.rs						
59	file:crates/rkg-mcp/src/main.rs	main.rs	file	crates/rkg-mcp/src/main.rs						
60	file:crates/rkg-mcp/Cargo.toml	Cargo.toml	file	crates/rkg-mcp/Cargo.toml						
61	dir:crates/gv-config	gv-config	dir	crates/gv-config						
62	dir:crates/gv-config/src	src	dir	crates/gv-config/src						
63	file:crates/gv-config/src/lib.rs	lib.rs	file	crates/gv-config/src/lib.rs						
64	file:crates/gv-config/Cargo.toml	Cargo.toml	file	crates/gv-config/Cargo.toml						
65	dir:crates/rkg-cli	rkg-cli	dir	crates/rkg-cli						
66	dir:crates/rkg-cli/src	src	dir	crates/rkg-cli/src						
67	file:crates/rkg-cli/src/main.rs	main.rs	file	crates/rkg-cli/src/main.rs						
68	file:crates/rkg-cli/Cargo.toml	Cargo.toml	file	crates/rkg-cli/Cargo.toml						
69	dir:crates/gv-layout-gpu	gv-layout-gpu	dir	crates/gv-layout-gpu						
70	dir:crates/gv-layout-gpu/shaders	shaders	dir	crates/gv-layout-gpu/shaders						
71	file:crates/gv-layout-gpu/shaders/bh_walk.wgsl	bh_walk.wgsl	file	crates/gv-layout-gpu/shaders/bh_walk.wgsl						
72	file:crates/gv-layout-gpu/shaders/bh_prepare.wgsl	bh_prepare.wgsl	file	crates/gv-layout-gpu/shaders/bh_prepare.wgsl						
73	file:crates/gv-layout-gpu/shaders/radix_sort.wgsl	radix_sort.wgsl	file	crates/gv-layout-gpu/shaders/radix_sort.wgsl						
74	file:crates/gv-layout-gpu/shaders/bh_tree.wgsl	bh_tree.wgsl	file	crates/gv-layout-gpu/shaders/bh_tree.wgsl						
75	file:crates/gv-layout-gpu/shaders/fr.wgsl	fr.wgsl	file	crates/gv-layout-gpu/shaders/fr.wgsl						
76	dir:crates/gv-layout-gpu/src	src	dir	crates/gv-layout-gpu/src						
77	file:crates/gv-layout-gpu/src/lib.rs	lib.rs	file	crates/gv-layout-gpu/src/lib.rs						
78	dir:crates/gv-layout-gpu/src/bh_gpu	bh_gpu	dir	crates/gv-layout-gpu/src/bh_gpu						
79	file:crates/gv-layout-gpu/src/bh_gpu/tree_tests.rs	tree_tests.rs	file	crates/gv-layout-gpu/src/bh_gpu/tree_tests.rs						
80	file:crates/gv-layout-gpu/src/radix_sort.rs	radix_sort.rs	file	crates/gv-layout-gpu/src/radix_sort.rs						
81	file:crates/gv-layout-gpu/src/fr_gpu.rs	fr_gpu.rs	file	crates/gv-layout-gpu/src/fr_gpu.rs						
82	file:crates/gv-layout-gpu/src/bh_gpu.rs	bh_gpu.rs	file	crates/gv-layout-gpu/src/bh_gpu.rs						
83	file:crates/gv-layout-gpu/Cargo.toml	Cargo.toml	file	crates/gv-layout-gpu/Cargo.toml						
84	dir:crates/gv-graph	gv-graph	dir	crates/gv-graph						
85	dir:crates/gv-graph/src	src	dir	crates/gv-graph/src						
86	file:crates/gv-graph/src/loader.rs	loader.rs	file	crates/gv-graph/src/loader.rs						
87	file:crates/gv-graph/src/lib.rs	lib.rs	file	crates/gv-graph/src/lib.rs						
88	file:crates/gv-graph/src/testing.rs	testing.rs	file	crates/gv-graph/src/testing.rs						
89	file:crates/gv-graph/src/seed.rs	seed.rs	file	crates/gv-graph/src/seed.rs						
90	file:crates/gv-graph/Cargo.toml	Cargo.toml	file	crates/gv-graph/Cargo.toml						
91	dir:crates/gv-gui	gv-gui	dir	crates/gv-gui						
92	dir:crates/gv-gui/src	src	dir	crates/gv-gui/src						
93	file:crates/gv-gui/src/lib.rs	lib.rs	file	crates/gv-gui/src/lib.rs						
94	file:crates/gv-gui/Cargo.toml	Cargo.toml	file	crates/gv-gui/Cargo.toml						
95	dir:crates/gv-layout	gv-layout	dir	crates/gv-layout						
96	dir:crates/gv-layout/src	src	dir	crates/gv-layout/src						
97	file:crates/gv-layout/src/lib.rs	lib.rs	file	crates/gv-layout/src/lib.rs						
98	file:crates/gv-layout/src/octree.rs	octree.rs	file	crates/gv-layout/src/octree.rs						
99	file:crates/gv-layout/src/barnes_hut.rs	barnes_hut.rs	file	crates/gv-layout/src/barnes_hut.rs						
100	file:crates/gv-layout/src/fr_cpu.rs	fr_cpu.rs	file	crates/gv-layout/src/fr_cpu.rs						
101	file:crates/gv-layout/src/random.rs	random.rs	file	crates/gv-layout/src/random.rs						
102	file:crates/gv-layout/Cargo.toml	Cargo.toml	file	crates/gv-layout/Cargo.toml						
103	file:LICENSE-MIT	LICENSE-MIT	file	LICENSE-MIT						
104	doc:README.md	README.md	doc	README.md						
105	file:array.edges	array.edges	file	array.edges						
106	file:Cargo.lock	Cargo.lock	file	Cargo.lock						
107	file:Cargo.toml	Cargo.toml	file	Cargo.toml						
108	dir:docs	docs	dir	docs						
109	file:docs/select_and_dim.png	select_and_dim.png	file	docs/select_and_dim.png						
110	file:docs/screenshot.png	screenshot.png	file	docs/screenshot.png						
111	dir:web	web	dir	web						
112	file:web/index.html	index.html	file	web/index.html						
113	file:web/app.js	app.js	file	web/app.js						
114	file:web/style.css	style.css	file	web/style.css						
115	file:LICENSE-APACHE	LICENSE-APACHE	file	LICENSE-APACHE						
116	file:settings.json	settings.json	file	settings.json						
117	sym:crates/gv-app/src/bin/graphvisualizer.rs::main	main	sym	crates/gv-app/src/bin/graphvisualizer.rs::main	1-4	fn main() -> anyhow::Result<()>	fn			
118	sym:crates/gv-app/src/layout_slot.rs::LayoutSlot	LayoutSlot	sym	crates/gv-app/src/layout_slot.rs::LayoutSlot	20-23	pub enum LayoutSlot	enum			
119	sym:crates/gv-app/src/layout_slot.rs::for_choice	for_choice	sym	crates/gv-app/src/layout_slot.rs::for_choice	36-68	pub fn for_choice( choice: LayoutChoice, gpu: Option<(&GpuContext, &GraphBuffers)>, ) -> Result<Self>	fn	impl LayoutSlot	Builds the layout behind a picker choice. Unlike the original's `ModelCreator::GetModelByType`, the match is exhaustive: [`LayoutChoice`] is an enum, so there is no index outside the known set and no uninitialised-pointer path. `gpu` is `None` before a window and adapter exist — `App` is constructed first and only initialises the device on `resumed` — and in headless runs, which have no device at …	choice gpu
120	sym:crates/gv-app/src/layout_slot.rs::pending	pending	sym	crates/gv-app/src/layout_slot.rs::pending	71-74	fn pending(what: &str, phase: u32) -> Self	fn	impl LayoutSlot	The CPU reference standing in for a layout that has not landed yet.	phase what
121	sym:crates/gv-app/src/layout_slot.rs::name	name	sym	crates/gv-app/src/layout_slot.rs::name	76-81	pub fn name(&self) -> &'static str	fn	impl LayoutSlot		
122	sym:crates/gv-app/src/layout_slot.rs::is_gpu	is_gpu	sym	crates/gv-app/src/layout_slot.rs::is_gpu	85-87	pub fn is_gpu(&self) -> bool	fn	impl LayoutSlot	True when a step leaves the authoritative node state on the GPU, so the host copy in `GraphData` is stale until read back.	
123	sym:crates/gv-app/src/layout_slot.rs::step	step	sym	crates/gv-app/src/layout_slot.rs::step	91-108	pub fn step( &mut self, context: &GpuContext, buffers: &GraphBuffers, graph: &mut GraphData, encoder: &mut wgpu::CommandEncoder, params: &LayoutParams, ) -> Result<()>	fn	impl LayoutSlot	Advances one step. CPU layouts mutate `graph` and re-upload; GPU layouts record into `encoder` and leave `graph` untouched.	buffers context encoder graph params
124	sym:crates/gv-app/src/layout_slot.rs::a_cpu_layout_reports_its_name_through_the_slot	a_cpu_layout_reports_its_name_through_the_slot	sym	crates/gv-app/src/layout_slot.rs::a_cpu_layout_reports_its_name_through_the_slot	117-121	fn a_cpu_layout_reports_its_name_through_the_slot()	fn	tests		slot
125	sym:crates/gv-app/src/layout_slot.rs::cpu_layouts_are_object_safe	cpu_layouts_are_object_safe	sym	crates/gv-app/src/layout_slot.rs::cpu_layouts_are_object_safe	124-133	fn cpu_layouts_are_object_safe()	fn	tests		layouts
126	sym:crates/gv-app/src/layout_slot.rs::every_picker_choice_builds_a_layout	every_picker_choice_builds_a_layout	sym	crates/gv-app/src/layout_slot.rs::every_picker_choice_builds_a_layout	136-142	fn every_picker_choice_builds_a_layout()	fn	tests		slot
127	sym:crates/gv-app/src/layout_slot.rs::the_gpu_choice_degrades_to_the_cpu_reference_without_a_device	the_gpu_choice_degrades_to_the_cpu_reference_without_a_device	sym	crates/gv-app/src/layout_slot.rs::the_gpu_choice_degrades_to_the_cpu_reference_without_a_device	145-152	fn the_gpu_choice_degrades_to_the_cpu_reference_without_a_device()	fn	tests		slot
128	sym:crates/gv-app/src/layout_slot.rs::no_picker_choice_can_abort_the_process	no_picker_choice_can_abort_the_process	sym	crates/gv-app/src/layout_slot.rs::no_picker_choice_can_abort_the_process	155-171	fn no_picker_choice_can_abort_the_process()	fn	tests		Cpu LayoutSlot graph layout params
129	sym:crates/gv-app/src/layout_slot.rs::on_device	on_device	sym	crates/gv-app/src/layout_slot.rs::on_device	174-178	fn on_device(graph: &GraphData) -> (GpuContext, GraphBuffers)	fn	tests	Device, buffers and one stepped frame's worth of scaffolding.	buffers context graph
130	sym:crates/gv-app/src/layout_slot.rs::step_once	step_once	sym	crates/gv-app/src/layout_slot.rs::step_once	181-198	fn step_once( slot: &mut LayoutSlot, context: &GpuContext, buffers: &GraphBuffers, graph: &mut GraphData, params: &LayoutParams, )	fn	tests	Runs one `LayoutSlot::step` and waits for the device to finish it.	buffers context encoder graph params slot
131	sym:crates/gv-app/src/layout_slot.rs::a_cpu_step_uploads_the_node_array	a_cpu_step_uploads_the_node_array	sym	crates/gv-app/src/layout_slot.rs::a_cpu_step_uploads_the_node_array	202-214	fn a_cpu_step_uploads_the_node_array()	fn	tests		buffers context graph on_gpu params slot
132	sym:crates/gv-app/src/layout_slot.rs::a_gpu_step_does_not_touch_host_node_state	a_gpu_step_does_not_touch_host_node_state	sym	crates/gv-app/src/layout_slot.rs::a_gpu_step_does_not_touch_host_node_state	218-234	fn a_gpu_step_does_not_touch_host_node_state()	fn	tests		before buffers context graph on_gpu params slot
133	sym:crates/gv-app/src/layout_slot.rs::the_gpu_tree_is_selected_when_a_device_exists	the_gpu_tree_is_selected_when_a_device_exists	sym	crates/gv-app/src/layout_slot.rs::the_gpu_tree_is_selected_when_a_device_exists	238-261	fn the_gpu_tree_is_selected_when_a_device_exists()	fn	tests		before buffers context graph on_gpu params slot
134	sym:crates/gv-app/src/lib.rs::DEFAULT_SETTINGS	DEFAULT_SETTINGS	sym	crates/gv-app/src/lib.rs::DEFAULT_SETTINGS	31-31	const DEFAULT_SETTINGS: &str = "settings.json";	const			
135	sym:crates/gv-app/src/lib.rs::run	run	sym	crates/gv-app/src/lib.rs::run	35-62	pub fn run(cli: Cli) -> Result<()>	fn		Parses arguments, loads settings and the graph, and runs to completion.	choice cli config graph options params report settings_path
136	sym:crates/gv-app/src/lib.rs::run_windowed	run_windowed	sym	crates/gv-app/src/lib.rs::run_windowed	65-83	fn run_windowed( config: AppConfig, graph: GraphData, choice: gv_gui::LayoutChoice, options: SeedOptions, settings_path: PathBuf, ) -> Result<()>	fn			app choice config event_loop graph options settings_path
137	sym:crates/gv-app/src/lib.rs::run_web	run_web	sym	crates/gv-app/src/lib.rs::run_web	89-102	pub fn run_web( config: AppConfig, graph: GraphData, choice: gv_gui::LayoutChoice, options: SeedOptions, ) -> Result<()>	fn		Web entry: builds the app around an already-loaded graph and spawns the winit event loop on the browser's `<canvas>`. Returns immediately — winit's web loop is driven by the browser, and GPU device creation completes asynchronously.	app choice config event_loop graph options
138	sym:crates/gv-app/src/lib.rs::load_config	load_config	sym	crates/gv-app/src/lib.rs::load_config	109-122	pub fn load_config(cli: &Cli) -> Result<AppConfig>	fn		Reads the settings file, then lets CLI overrides shadow it. A missing settings file is not an error — the defaults stand — but a malformed one is, and so is a missing file the user named explicitly.	cli config explicit path
139	sym:crates/gv-app/src/lib.rs::settings_path	settings_path	sym	crates/gv-app/src/lib.rs::settings_path	125-129	fn settings_path(cli: &Cli) -> PathBuf	fn			cli
140	sym:crates/gv-app/src/lib.rs::seed_options	seed_options	sym	crates/gv-app/src/lib.rs::seed_options	134-141	pub fn seed_options(config: &AppConfig, rng_seed: u64) -> SeedOptions	fn		The initial scatter for this configuration. Shared by startup and by the GUI's Reseed button, so the two cannot drift.	config rng_seed
141	sym:crates/gv-app/src/lib.rs::load_graph	load_graph	sym	crates/gv-app/src/lib.rs::load_graph	150-177	pub fn load_graph(config: &AppConfig, options: SeedOptions) -> Result<GraphData>	fn		Loads the edge list named by `config` and scatters its nodes. When `config.nodes_input` is set, the edge list is loaded index-aligned to that knowledge-graph sidecar (via [`loader::load_with_sidecar`]) and nodes are coloured by their kind instead of randomly — this is what turns the anonymous visualizer into a browsable repository map.	config graph options path
142	sym:crates/gv-app/src/lib.rs::a_missing_default_settings_file_is_not_an_error	a_missing_default_settings_file_is_not_an_error	sym	crates/gv-app/src/lib.rs::a_missing_default_settings_file_is_not_an_error	184-189	fn a_missing_default_settings_file_is_not_an_error()	fn	tests		cli config
143	sym:crates/gv-app/src/lib.rs::an_explicitly_named_missing_settings_file_is_an_error	an_explicitly_named_missing_settings_file_is_an_error	sym	crates/gv-app/src/lib.rs::an_explicitly_named_missing_settings_file_is_an_error	192-200	fn an_explicitly_named_missing_settings_file_is_an_error()	fn	tests		cli
144	sym:crates/gv-app/src/lib.rs::cli_edge_input_overrides_the_config	cli_edge_input_overrides_the_config	sym	crates/gv-app/src/lib.rs::cli_edge_input_overrides_the_config	203-210	fn cli_edge_input_overrides_the_config()	fn	tests		cli config
145	sym:crates/gv-app/src/lib.rs::help_short_circuits_before_any_file_is_touched	help_short_circuits_before_any_file_is_touched	sym	crates/gv-app/src/lib.rs::help_short_circuits_before_any_file_is_touched	213-220	fn help_short_circuits_before_any_file_is_touched()	fn	tests		cli
146	sym:crates/gv-app/src/lib.rs::a_missing_edge_list_names_the_file_it_could_not_open	a_missing_edge_list_names_the_file_it_could_not_open	sym	crates/gv-app/src/lib.rs::a_missing_edge_list_names_the_file_it_could_not_open	223-233	fn a_missing_edge_list_names_the_file_it_could_not_open()	fn	tests		config error
147	sym:crates/gv-app/src/lib.rs::seed_options_take_the_node_size_range_from_the_config	seed_options_take_the_node_size_range_from_the_config	sym	crates/gv-app/src/lib.rs::seed_options_take_the_node_size_range_from_the_config	236-248	fn seed_options_take_the_node_size_range_from_the_config()	fn	tests		config options
148	sym:crates/gv-app/src/lib.rs::the_cli_seed_reaches_the_scatter	the_cli_seed_reaches_the_scatter	sym	crates/gv-app/src/lib.rs::the_cli_seed_reaches_the_scatter	251-255	fn the_cli_seed_reaches_the_scatter()	fn	tests		config
149	sym:crates/gv-app/src/input.rs::InputState	InputState	sym	crates/gv-app/src/input.rs::InputState	14-29	pub struct InputState	struct			
150	sym:crates/gv-app/src/input.rs::set_key	set_key	sym	crates/gv-app/src/input.rs::set_key	33-49	pub fn set_key(&mut self, code: KeyCode, pressed: bool)	fn	impl InputState	Records a key transition. Unknown keys are ignored.	code pressed slot
151	sym:crates/gv-app/src/input.rs::set_looking	set_looking	sym	crates/gv-app/src/input.rs::set_looking	52-59	pub fn set_looking(&mut self, looking: bool)	fn	impl InputState	Starts or ends a right-drag look.	looking
152	sym:crates/gv-app/src/input.rs::set_cursor	set_cursor	sym	crates/gv-app/src/input.rs::set_cursor	62-71	pub fn set_cursor(&mut self, x: f32, y: f32, camera: &mut Camera)	fn	impl InputState	Feeds a cursor position, rotating the camera if a drag is in progress.	camera x y
153	sym:crates/gv-app/src/input.rs::apply_to	apply_to	sym	crates/gv-app/src/input.rs::apply_to	74-108	pub fn apply_to(&self, camera: &mut Camera)	fn	impl InputState	Applies every held key to the camera. Called once per frame.	camera
154	sym:crates/gv-app/src/input.rs::holding_a_key_keeps_moving_the_camera	holding_a_key_keeps_moving_the_camera	sym	crates/gv-app/src/input.rs::holding_a_key_keeps_moving_the_camera	116-127	fn holding_a_key_keeps_moving_the_camera()	fn	tests		after_one camera input
155	sym:crates/gv-app/src/input.rs::releasing_a_key_stops_the_motion	releasing_a_key_stops_the_motion	sym	crates/gv-app/src/input.rs::releasing_a_key_stops_the_motion	130-140	fn releasing_a_key_stops_the_motion()	fn	tests		before camera input
156	sym:crates/gv-app/src/input.rs::unmapped_keys_are_ignored	unmapped_keys_are_ignored	sym	crates/gv-app/src/input.rs::unmapped_keys_are_ignored	143-147	fn unmapped_keys_are_ignored()	fn	tests		input
157	sym:crates/gv-app/src/input.rs::every_movement_key_maps_to_something	every_movement_key_maps_to_something	sym	crates/gv-app/src/input.rs::every_movement_key_maps_to_something	150-161	fn every_movement_key_maps_to_something()	fn	tests		input keys
158	sym:crates/gv-app/src/input.rs::the_first_drag_sample_only_anchors	the_first_drag_sample_only_anchors	sym	crates/gv-app/src/input.rs::the_first_drag_sample_only_anchors	164-176	fn the_first_drag_sample_only_anchors()	fn	tests		camera input
159	sym:crates/gv-app/src/input.rs::dragging_rotates_by_the_delta	dragging_rotates_by_the_delta	sym	crates/gv-app/src/input.rs::dragging_rotates_by_the_delta	179-190	fn dragging_rotates_by_the_delta()	fn	tests		camera input
160	sym:crates/gv-app/src/input.rs::moving_without_the_button_held_does_not_rotate	moving_without_the_button_held_does_not_rotate	sym	crates/gv-app/src/input.rs::moving_without_the_button_held_does_not_rotate	193-201	fn moving_without_the_button_held_does_not_rotate()	fn	tests		camera input
161	sym:crates/gv-app/src/input.rs::releasing_and_re_pressing_does_not_produce_one_giant_jump	releasing_and_re_pressing_does_not_produce_one_giant_jump	sym	crates/gv-app/src/input.rs::releasing_and_re_pressing_does_not_produce_one_giant_jump	204-220	fn releasing_and_re_pressing_does_not_produce_one_giant_jump()	fn	tests		after_drag camera input
162	sym:crates/gv-app/src/cli.rs::USAGE	USAGE	sym	crates/gv-app/src/cli.rs::USAGE	18-33	pub const USAGE: &str = "\ graphvisualizer — force-directed graph layout on the GPU USAGE: graphvisualizer [OPTIONS] [EDGE_LIST] OPTIONS: -s, --settings <PATH> Settings file (default: settings.json) -e, --edge-input <PATH> Edge list to load…	const			
163	sym:crates/gv-app/src/cli.rs::Cli	Cli	sym	crates/gv-app/src/cli.rs::Cli	36-53	pub struct Cli	struct			
164	sym:crates/gv-app/src/cli.rs::parse_from_env	parse_from_env	sym	crates/gv-app/src/cli.rs::parse_from_env	56-58	pub fn parse_from_env() -> Result<Self>	fn	impl Cli		
165	sym:crates/gv-app/src/cli.rs::parse	parse	sym	crates/gv-app/src/cli.rs::parse	61-111	pub fn parse(args: impl IntoIterator<Item = impl Into<String>>) -> Result<Self>	fn	impl Cli	Parses already-split arguments, program name excluded.	args cli flag inline raw value
166	sym:crates/gv-app/src/cli.rs::apply_to	apply_to	sym	crates/gv-app/src/cli.rs::apply_to	114-121	pub fn apply_to(&self, config: &mut AppConfig)	fn	impl Cli	Applies the overrides that shadow settings-file keys.	config
167	sym:crates/gv-app/src/cli.rs::is_headless	is_headless	sym	crates/gv-app/src/cli.rs::is_headless	123-125	pub fn is_headless(&self) -> bool	fn	impl Cli		
168	sym:crates/gv-app/src/cli.rs::parse@132	parse	sym	crates/gv-app/src/cli.rs::parse	132-134	fn parse(args: &[&str]) -> Cli	fn	tests		args
169	sym:crates/gv-app/src/cli.rs::no_arguments_overrides_nothing	no_arguments_overrides_nothing	sym	crates/gv-app/src/cli.rs::no_arguments_overrides_nothing	137-139	fn no_arguments_overrides_nothing()	fn	tests		
170	sym:crates/gv-app/src/cli.rs::usage_lists_every_layout_the_picker_offers	usage_lists_every_layout_the_picker_offers	sym	crates/gv-app/src/cli.rs::usage_lists_every_layout_the_picker_offers	142-154	fn usage_lists_every_layout_the_picker_offers()	fn	tests		
171	sym:crates/gv-app/src/cli.rs::accepts_space_separated_values	accepts_space_separated_values	sym	crates/gv-app/src/cli.rs::accepts_space_separated_values	157-162	fn accepts_space_separated_values()	fn	tests		cli
172	sym:crates/gv-app/src/cli.rs::accepts_equals_separated_values	accepts_equals_separated_values	sym	crates/gv-app/src/cli.rs::accepts_equals_separated_values	165-169	fn accepts_equals_separated_values()	fn	tests		cli
173	sym:crates/gv-app/src/cli.rs::accepts_short_flags	accepts_short_flags	sym	crates/gv-app/src/cli.rs::accepts_short_flags	172-177	fn accepts_short_flags()	fn	tests		cli
174	sym:crates/gv-app/src/cli.rs::a_bare_positional_is_the_edge_list	a_bare_positional_is_the_edge_list	sym	crates/gv-app/src/cli.rs::a_bare_positional_is_the_edge_list	180-183	fn a_bare_positional_is_the_edge_list()	fn	tests		cli
175	sym:crates/gv-app/src/cli.rs::a_positional_containing_equals_is_not_split	a_positional_containing_equals_is_not_split	sym	crates/gv-app/src/cli.rs::a_positional_containing_equals_is_not_split	188-191	fn a_positional_containing_equals_is_not_split()	fn	tests	A path containing `=` must not be mistaken for an inline value; only arguments that start with `-` are split.	cli
176	sym:crates/gv-app/src/cli.rs::edge_input_flag_and_positional_conflict	edge_input_flag_and_positional_conflict	sym	crates/gv-app/src/cli.rs::edge_input_flag_and_positional_conflict	194-197	fn edge_input_flag_and_positional_conflict()	fn	tests		error
177	sym:crates/gv-app/src/cli.rs::rejects_unknown_options	rejects_unknown_options	sym	crates/gv-app/src/cli.rs::rejects_unknown_options	200-203	fn rejects_unknown_options()	fn	tests		error
178	sym:crates/gv-app/src/cli.rs::rejects_an_unparsable_layout_name	rejects_an_unparsable_layout_name	sym	crates/gv-app/src/cli.rs::rejects_an_unparsable_layout_name	206-209	fn rejects_an_unparsable_layout_name()	fn	tests		error
179	sym:crates/gv-app/src/cli.rs::rejects_a_non_numeric_seed	rejects_a_non_numeric_seed	sym	crates/gv-app/src/cli.rs::rejects_a_non_numeric_seed	212-215	fn rejects_a_non_numeric_seed()	fn	tests		error
180	sym:crates/gv-app/src/cli.rs::reports_a_missing_trailing_value	reports_a_missing_trailing_value	sym	crates/gv-app/src/cli.rs::reports_a_missing_trailing_value	218-221	fn reports_a_missing_trailing_value()	fn	tests		error
181	sym:crates/gv-app/src/cli.rs::help_is_recognised_and_does_not_error	help_is_recognised_and_does_not_error	sym	crates/gv-app/src/cli.rs::help_is_recognised_and_does_not_error	224-227	fn help_is_recognised_and_does_not_error()	fn	tests		
182	sym:crates/gv-app/src/cli.rs::edge_input_overrides_the_settings_file	edge_input_overrides_the_settings_file	sym	crates/gv-app/src/cli.rs::edge_input_overrides_the_settings_file	230-234	fn edge_input_overrides_the_settings_file()	fn	tests		config
183	sym:crates/gv-app/src/cli.rs::absent_edge_input_leaves_the_settings_value_alone	absent_edge_input_leaves_the_settings_value_alone	sym	crates/gv-app/src/cli.rs::absent_edge_input_leaves_the_settings_value_alone	237-242	fn absent_edge_input_leaves_the_settings_value_alone()	fn	tests		config original
184	sym:crates/gv-app/src/cli.rs::headless_is_detected_only_when_steps_are_given	headless_is_detected_only_when_steps_are_given	sym	crates/gv-app/src/cli.rs::headless_is_detected_only_when_steps_are_given	245-248	fn headless_is_detected_only_when_steps_are_given()	fn	tests		
185	sym:crates/gv-app/src/cli.rs::every_documented_long_option_is_accepted	every_documented_long_option_is_accepted	sym	crates/gv-app/src/cli.rs::every_documented_long_option_is_accepted	252-266	fn every_documented_long_option_is_accepted()	fn	tests	Every option in USAGE must actually parse — the two drift otherwise.	Some error flag
186	sym:crates/gv-app/src/cli.rs::UnwrapErrOrOk	UnwrapErrOrOk	sym	crates/gv-app/src/cli.rs::UnwrapErrOrOk	269-271	trait UnwrapErrOrOk	trait	tests	Helper: the error text, or an empty string when parsing succeeded.	
187	sym:crates/gv-app/src/cli.rs::unwrap_err_or_ok	unwrap_err_or_ok	sym	crates/gv-app/src/cli.rs::unwrap_err_or_ok	274-276	fn unwrap_err_or_ok(self) -> String	fn	impl Result<Cli>		
188	sym:crates/gv-app/src/app.rs::Active	Active	sym	crates/gv-app/src/app.rs::Active	32-39	struct Active	struct		Everything that only exists once a window and adapter do.	
189	sym:crates/gv-app/src/app.rs::PendingGpu	PendingGpu	sym	crates/gv-app/src/app.rs::PendingGpu	46-50	struct PendingGpu	struct		The window + GPU device produced by device init, awaiting assembly into [`Active`]. On native it is filled synchronously in `begin_init`; on the web the async `spawn_local` device request fills it a few frames later, and [`App::try_activate`] moves it into `Active` once present. Shared via `Rc` so the web future can write it after `begin_init` returns.	
190	sym:crates/gv-app/src/app.rs::CANVAS_ID	CANVAS_ID	sym	crates/gv-app/src/app.rs::CANVAS_ID	54-54	const CANVAS_ID: &str = "graph-canvas";	const		Id of the `<canvas>` the web build renders into (set in `web/index.html`).	
191	sym:crates/gv-app/src/app.rs::App	App	sym	crates/gv-app/src/app.rs::App	56-104	pub struct App	struct			
192	sym:crates/gv-app/src/app.rs::REPORT_INTERVAL	REPORT_INTERVAL	sym	crates/gv-app/src/app.rs::REPORT_INTERVAL	107-107	const REPORT_INTERVAL: Duration = Duration::from_secs(2);	const		How often the frame-rate log fires, when debug logging is on.	
193	sym:crates/gv-app/src/app.rs::HIGHLIGHT_SCALE	HIGHLIGHT_SCALE	sym	crates/gv-app/src/app.rs::HIGHLIGHT_SCALE	111-111	const HIGHLIGHT_SCALE: f32 = 2.5;	const		How much a search-focused node is enlarged, so it stands out from its neighbours without a shader change.	
194	sym:crates/gv-app/src/app.rs::DIM_FACTOR	DIM_FACTOR	sym	crates/gv-app/src/app.rs::DIM_FACTOR	116-116	const DIM_FACTOR: f32 = 0.18;	const		How far the rest of the graph fades when a node is selected — its RGB is multiplied by this, so a low value pushes unselected nodes toward black while the selection and its edge-connected neighbours stay at full 1.0.	
195	sym:crates/gv-app/src/app.rs::FOCUS_STANDOFF	FOCUS_STANDOFF	sym	crates/gv-app/src/app.rs::FOCUS_STANDOFF	119-119	const FOCUS_STANDOFF: f32 = 700.0;	const		Distance the camera sits from a node it focuses on — the default framing.	
196	sym:crates/gv-app/src/app.rs::PICK_MIN_RADIUS	PICK_MIN_RADIUS	sym	crates/gv-app/src/app.rs::PICK_MIN_RADIUS	123-123	const PICK_MIN_RADIUS: f32 = 7.0;	const		Smallest clickable node radius in pixels — a distant node's sprite can shrink below the cursor's precision, so picking is forgiving.	
197	sym:crates/gv-app/src/app.rs::PICK_EDGE_THRESHOLD	PICK_EDGE_THRESHOLD	sym	crates/gv-app/src/app.rs::PICK_EDGE_THRESHOLD	126-126	const PICK_EDGE_THRESHOLD: f32 = 6.0;	const		How close, in pixels, the cursor must fall to an edge line to select it.	
198	sym:crates/gv-app/src/app.rs::MAX_LABELS	MAX_LABELS	sym	crates/gv-app/src/app.rs::MAX_LABELS	130-130	const MAX_LABELS: usize = 800;	const		Cap on how many node labels are drawn per frame when labels are on, so a large repository stays interactive; nearer/earlier nodes win.	
199	sym:crates/gv-app/src/app.rs::LABEL_OFFSET	LABEL_OFFSET	sym	crates/gv-app/src/app.rs::LABEL_OFFSET	133-133	const LABEL_OFFSET: f32 = 12.0;	const		Points a label sits above its node's projected centre.	
200	sym:crates/gv-app/src/app.rs::project_labels	project_labels	sym	crates/gv-app/src/app.rs::project_labels	141-193	fn project_labels( camera: &Camera, graph: &GraphData, visible: &KindVisibility, selected: Option<usize>, selection_depth: u32, width: f32, height: f32, pixels_per_point: f32, ) -> Vec<(egui::Pos2, String)>	fn		Projects each node's name to a screen position for the label overlay. A free function taking the pieces it needs (rather than `&self`) so it can run while `self.active` is mutably borrowed for the egui pass. Nodes behind the camera or outside the view frustum are skipped; positions are returned in egui points (physical pixels divided by `pixels_per_point`).	Some camera clip graph height inv meta ndc_x ndc_y ndc_z out pixels_per_point px py selected selected_neighborhood selection_depth view_proj visible width
201	sym:crates/gv-app/src/app.rs::selected_neighborhood	selected_neighborhood	sym	crates/gv-app/src/app.rs::selected_neighborhood	196-219	fn selected_neighborhood(graph: &GraphData, selected: usize, depth: u32) -> Vec<bool>	fn		Marks nodes reachable from `selected` within `depth` undirected edge hops.	depth from graph neighbor neighborhood pending selected to
202	sym:crates/gv-app/src/app.rs::point_segment_distance	point_segment_distance	sym	crates/gv-app/src/app.rs::point_segment_distance	222-234	fn point_segment_distance(p: (f32, f32), a: (f32, f32), b: (f32, f32)) -> f32	fn		Distance from point `p` to the segment `a`–`b`, all in screen pixels.	a abx aby apx apy b cx cy len_sq p t
203	sym:crates/gv-app/src/app.rs::draw_labels	draw_labels	sym	crates/gv-app/src/app.rs::draw_labels	237-264	fn draw_labels(ctx: &egui::Context, labels: &[(egui::Pos2, String)])	fn		Paints the projected labels onto a foreground egui layer.	ctx labels painter
204	sym:crates/gv-app/src/app.rs::new	new	sym	crates/gv-app/src/app.rs::new	267-310	pub fn new( config: AppConfig, graph: GraphData, choice: LayoutChoice, seed_options: SeedOptions, ) -> Result<Self>	fn	impl App		choice config graph params seed_options
205	sym:crates/gv-app/src/app.rs::set_settings_path	set_settings_path	sym	crates/gv-app/src/app.rs::set_settings_path	312-314	pub fn set_settings_path(&mut self, path: PathBuf)	fn	impl App		path
206	sym:crates/gv-app/src/app.rs::persist_graph_settings	persist_graph_settings	sym	crates/gv-app/src/app.rs::persist_graph_settings	317-331	fn persist_graph_settings(&mut self, selection_depth_changed: bool) -> Result<()>	fn	impl App	Copies changed graph controls into settings without touching unrelated keys.	layout_changed selection_depth_changed
207	sym:crates/gv-app/src/app.rs::set_layout	set_layout	sym	crates/gv-app/src/app.rs::set_layout	334-345	pub fn set_layout(&mut self, choice: LayoutChoice) -> Result<()>	fn	impl App	Rebuilds the active layout after the picker changes.	choice gpu slot
208	sym:crates/gv-app/src/app.rs::report_throughput	report_throughput	sym	crates/gv-app/src/app.rs::report_throughput	354-372	fn report_throughput(&mut self, now: Instant)	fn	impl App	Logs frames per second every [`REPORT_INTERVAL`]. The GUI already shows this, but a window is not always something you can read a number off — under a benchmark, over a remote session, or while the frame rate is low enough that the panel itself is hard to catch. Averaged over the interval rather than taken from the last frame, which on a loaded device is noisy.	elapsed frames now since
209	sym:crates/gv-app/src/app.rs::sync_from_gpu	sync_from_gpu	sym	crates/gv-app/src/app.rs::sync_from_gpu	382-403	fn sync_from_gpu(&mut self) -> Result<()>	fn	impl App	Brings host node state back up to date after a GPU layout has been running. A GPU step leaves the authoritative positions in the node buffer and never touches `self.graph`. Without this, switching to a CPU layout would resume from wherever the last CPU step left off and discard everything the GPU did. It stalls the pipeline, so it happens only on a layout change, never on the frame path.	Some active
210	sym:crates/gv-app/src/app.rs::request_readback	request_readback	sym	crates/gv-app/src/app.rs::request_readback	411-425	fn request_readback(&mut self)	fn	impl App	Web: kick a non-blocking GPU→host node readback if one isn't already in flight. The `map_async` callback captures only a `Send` channel sender (GPU handles are `Send` under the wasm shim); the frame loop polls the receiver in [`Self::poll_readback`]. The continuous redraw from `about_to_wait` drives that poll, so no explicit `request_redraw` is needed here.	Some active rx tx
211	sym:crates/gv-app/src/app.rs::poll_readback	poll_readback	sym	crates/gv-app/src/app.rs::poll_readback	429-438	fn poll_readback(&mut self)	fn	impl App	Web: if a readback has finished, adopt the pulled positions.	
212	sym:crates/gv-app/src/app.rs::apply_gui_actions	apply_gui_actions	sym	crates/gv-app/src/app.rs::apply_gui_actions	440-471	pub fn apply_gui_actions(&mut self, actions: GuiActions) -> Result<()>	fn	impl App		actions choice
213	sym:crates/gv-app/src/app.rs::clear_inspection	clear_inspection	sym	crates/gv-app/src/app.rs::clear_inspection	474-487	fn clear_inspection(&mut self)	fn	impl App	Closes the inspector and removes the highlight from the inspected node.	
214	sym:crates/gv-app/src/app.rs::apply_dim	apply_dim	sym	crates/gv-app/src/app.rs::apply_dim	492-497	fn apply_dim(&mut self, idx: usize)	fn	impl App	Dims nodes and edges outside `idx`'s configured-depth neighborhood. The dim mask is a separate GPU buffer, so it does not disturb positions or the kind-visibility mask.	idx mask
215	sym:crates/gv-app/src/app.rs::dim_mask	dim_mask	sym	crates/gv-app/src/app.rs::dim_mask	502-507	fn dim_mask(&self, idx: usize) -> Vec<f32>	fn	impl App	Builds the per-node dim mask for a selection of `idx`: `1.0` for the selected node and every node sharing an edge with it, `DIM_FACTOR` for the rest.	idx
216	sym:crates/gv-app/src/app.rs::clear_dim	clear_dim	sym	crates/gv-app/src/app.rs::clear_dim	510-514	fn clear_dim(&mut self)	fn	impl App	Restores full brightness to every node and edge.	
217	sym:crates/gv-app/src/app.rs::apply_visibility	apply_visibility	sym	crates/gv-app/src/app.rs::apply_visibility	519-533	fn apply_visibility(&self)	fn	impl App	Uploads the per-node visibility mask from the current kind filters, so the shader hides the unchecked kinds' nodes and their edges. A no-op without a sidecar (no kinds to filter) or a window.	Some active mask
218	sym:crates/gv-app/src/app.rs::reconcile_labels_and_update	reconcile_labels_and_update	sym	crates/gv-app/src/app.rs::reconcile_labels_and_update	541-553	fn reconcile_labels_and_update(&mut self)	fn	impl App	Keeps the Labels and Update toggles consistent, run once after the GUI. Labels are hidden while the layout runs (they would lag the live GPU positions), so switching Labels on while Update is running stops the layout; and any transition to stopped schedules a one-off position sync so the labels reappear exactly on the settled nodes.	show_labels
219	sym:crates/gv-app/src/app.rs::highlight_node	highlight_node	sym	crates/gv-app/src/app.rs::highlight_node	563-585	fn highlight_node(&mut self, idx: usize) -> Result<()>	fn	impl App	Enlarges node `idx`, undoing any previous highlight, and opens its inspector. Does not move the camera — used when the user clicks a node that is already on screen. A GPU layout keeps the authoritative positions in the node buffer, so we [`sync_from_gpu`](Self::sync_from_gpu) first — otherwise re-uploading the node buffer to apply the size bump would overwrite the device's positions with stale hos…	idx original
220	sym:crates/gv-app/src/app.rs::focus_node	focus_node	sym	crates/gv-app/src/app.rs::focus_node	588-598	fn focus_node(&mut self, idx: usize) -> Result<()>	fn	impl App	Highlights node `idx` and centres the camera on it.	idx p
221	sym:crates/gv-app/src/app.rs::handle_click	handle_click	sym	crates/gv-app/src/app.rs::handle_click	603-635	fn handle_click(&mut self) -> Result<()>	fn	impl App	Reacts to a left click: a node under the cursor opens its inspector; else an edge under the cursor jumps the camera to one endpoint, and re-clicking the same edge hops to the other end.	Some cx cy e endpoint h height node w width
222	sym:crates/gv-app/src/app.rs::pick_node	pick_node	sym	crates/gv-app/src/app.rs::pick_node	639-668	fn pick_node(&self, cx: f32, cy: f32, w: f32, h: f32) -> Option<usize>	fn	impl App	The front-most node whose sprite covers the cursor, or `None`. Honors the kind-visibility filter so hidden nodes are not pickable.	best clip cx cy dist h inv ndc_x ndc_y ndc_z proj px py radius view view_pos w
223	sym:crates/gv-app/src/app.rs::pick_edge	pick_edge	sym	crates/gv-app/src/app.rs::pick_edge	672-709	fn pick_edge(&self, cx: f32, cy: f32, w: f32, h: f32) -> Option<usize>	fn	impl App	The nearest edge line within [`PICK_EDGE_THRESHOLD`] of the cursor, or `None`. Edges with a hidden endpoint are not pickable.	Some a b best clip cx cy dist from h inv proj project to view view_pos w
224	sym:crates/gv-app/src/app.rs::kind_visible	kind_visible	sym	crates/gv-app/src/app.rs::kind_visible	712-717	fn kind_visible(&self, idx: usize) -> bool	fn	impl App	Whether node `idx`'s kind is currently shown (always true without a sidecar).	idx
225	sym:crates/gv-app/src/app.rs::begin_init	begin_init	sym	crates/gv-app/src/app.rs::begin_init	722-784	fn begin_init(&mut self, event_loop: &ActiveEventLoop) -> Result<()>	fn	impl App	Creates the window + surface and requests the GPU device. On native the device is awaited synchronously; on the web the request is spawned and its result lands in `self.pending`, adopted later by [`Self::try_activate`].	attributes canvas context event_loop instance pending redraw surface window
226	sym:crates/gv-app/src/app.rs::try_activate	try_activate	sym	crates/gv-app/src/app.rs::try_activate	788-846	fn try_activate(&mut self) -> Result<()>	fn	impl App	Moves a ready [`PendingGpu`] into [`Active`], building the buffers, renderer, layout, and egui state. A no-op until the device is ready.	Some buffers egui_context egui_renderer egui_state renderer size
227	sym:crates/gv-app/src/app.rs::frame	frame	sym	crates/gv-app/src/app.rs::frame	852-937	pub fn frame(&mut self) -> Result<()>	fn	impl App	Steps the layout and draws one frame. Compute and draw share one `CommandEncoder`, so a GPU layout step and the frame it produces reach the queue in a single submission.	Some actions active delta encoder now target
228	sym:crates/gv-app/src/app.rs::draw_gui	draw_gui	sym	crates/gv-app/src/app.rs::draw_gui	941-1055	fn draw_gui( &mut self, encoder: &mut wgpu::CommandEncoder, target: &wgpu::TextureView, ) -> Result<GuiActions>	fn	impl App	Runs the egui pass. Loads the colour attachment rather than clearing, so the graph drawn above stays visible underneath.	actions active descriptor edge_count encoder frame_time_ms height input jobs labels layout_seconds node_count output pass pixels_per_point ppp target width
229	sym:crates/gv-app/src/app.rs::resumed	resumed	sym	crates/gv-app/src/app.rs::resumed	1059-1067	fn resumed(&mut self, event_loop: &ActiveEventLoop)	fn	impl App		event_loop
230	sym:crates/gv-app/src/app.rs::window_event	window_event	sym	crates/gv-app/src/app.rs::window_event	1069-1153	fn window_event( &mut self, event_loop: &ActiveEventLoop, _window_id: WindowId, event: WindowEvent, )	fn	impl App		Code PhysicalKey _window_id code consumed event event_loop response steps
231	sym:crates/gv-app/src/app.rs::about_to_wait	about_to_wait	sym	crates/gv-app/src/app.rs::about_to_wait	1155-1163	fn about_to_wait(&mut self, _event_loop: &ActiveEventLoop)	fn	impl App		_event_loop
232	sym:crates/gv-app/src/app.rs::every_layout_choice_has_a_slot_variant	every_layout_choice_has_a_slot_variant	sym	crates/gv-app/src/app.rs::every_layout_choice_has_a_slot_variant	1171-1178	fn every_layout_choice_has_a_slot_variant()	fn	tests		
233	sym:crates/gv-app/src/app.rs::default_params_match_the_originals_starting_values	default_params_match_the_originals_starting_values	sym	crates/gv-app/src/app.rs::default_params_match_the_originals_starting_values	1181-1186	fn default_params_match_the_originals_starting_values()	fn	tests		params
234	sym:crates/gv-app/src/app.rs::settings_initialise_the_layout_parameters	settings_initialise_the_layout_parameters	sym	crates/gv-app/src/app.rs::settings_initialise_the_layout_parameters	1189-1202	fn settings_initialise_the_layout_parameters()	fn	tests		app config
235	sym:crates/gv-app/src/app.rs::changed_layout_parameters_are_saved_to_settings	changed_layout_parameters_are_saved_to_settings	sym	crates/gv-app/src/app.rs::changed_layout_parameters_are_saved_to_settings	1205-1223	fn changed_layout_parameters_are_saved_to_settings()	fn	tests		app path saved
236	sym:crates/gv-app/src/app.rs::app_of	app_of	sym	crates/gv-app/src/app.rs::app_of	1225-1233	fn app_of(graph: GraphData) -> App	fn	tests		graph
237	sym:crates/gv-app/src/app.rs::the_three_d_toggle_reaches_the_layout_params	the_three_d_toggle_reaches_the_layout_params	sym	crates/gv-app/src/app.rs::the_three_d_toggle_reaches_the_layout_params	1236-1246	fn the_three_d_toggle_reaches_the_layout_params()	fn	tests		app config
238	sym:crates/gv-app/src/app.rs::switching_layout_preserves_node_positions	switching_layout_preserves_node_positions	sym	crates/gv-app/src/app.rs::switching_layout_preserves_node_positions	1249-1259	fn switching_layout_preserves_node_positions()	fn	tests		app before
239	sym:crates/gv-app/src/app.rs::reseed_returns_the_graph_to_its_initial_scatter	reseed_returns_the_graph_to_its_initial_scatter	sym	crates/gv-app/src/app.rs::reseed_returns_the_graph_to_its_initial_scatter	1262-1272	fn reseed_returns_the_graph_to_its_initial_scatter()	fn	tests		app seeded
240	sym:crates/gv-app/src/app.rs::reseed_restarts_the_stopwatch	reseed_restarts_the_stopwatch	sym	crates/gv-app/src/app.rs::reseed_restarts_the_stopwatch	1275-1283	fn reseed_restarts_the_stopwatch()	fn	tests		app
241	sym:crates/gv-app/src/app.rs::resetting_the_camera_clears_rotation_but_not_position	resetting_the_camera_clears_rotation_but_not_position	sym	crates/gv-app/src/app.rs::resetting_the_camera_clears_rotation_but_not_position	1286-1297	fn resetting_the_camera_clears_rotation_but_not_position()	fn	tests		app moved
242	sym:crates/gv-app/src/app.rs::focusing_a_node_enlarges_it_and_moves_the_camera	focusing_a_node_enlarges_it_and_moves_the_camera	sym	crates/gv-app/src/app.rs::focusing_a_node_enlarges_it_and_moves_the_camera	1300-1311	fn focusing_a_node_enlarges_it_and_moves_the_camera()	fn	tests		app original
243	sym:crates/gv-app/src/app.rs::refocusing_restores_the_previous_highlight	refocusing_restores_the_previous_highlight	sym	crates/gv-app/src/app.rs::refocusing_restores_the_previous_highlight	1314-1328	fn refocusing_restores_the_previous_highlight()	fn	tests		app size0 size2
244	sym:crates/gv-app/src/app.rs::dim_mask_lights_the_selection_and_its_edge_neighbours_only	dim_mask_lights_the_selection_and_its_edge_neighbours_only	sym	crates/gv-app/src/app.rs::dim_mask_lights_the_selection_and_its_edge_neighbours_only	1331-1357	fn dim_mask_lights_the_selection_and_its_edge_neighbours_only()	fn	tests		app mask mask0 nested
245	sym:crates/gv-app/src/app.rs::labels_project_visible_nodes_and_skip_ones_behind_the_camera	labels_project_visible_nodes_and_skip_ones_behind_the_camera	sym	crates/gv-app/src/app.rs::labels_project_visible_nodes_and_skip_ones_behind_the_camera	1360-1392	fn labels_project_visible_nodes_and_skip_ones_behind_the_camera()	fn	tests		all camera graph labels no_files
246	sym:crates/gv-app/src/app.rs::enabling_labels_while_updating_stops_the_layout_and_schedules_a_sync	enabling_labels_while_updating_stops_the_layout_and_schedules_a_sync	sym	crates/gv-app/src/app.rs::enabling_labels_while_updating_stops_the_layout_and_schedules_a_sync	1395-1406	fn enabling_labels_while_updating_stops_the_layout_and_schedules_a_sync()	fn	tests		app
247	sym:crates/gv-app/src/app.rs::labels_follow_the_selected_node_and_its_neighbours	labels_follow_the_selected_node_and_its_neighbours	sym	crates/gv-app/src/app.rs::labels_follow_the_selected_node_and_its_neighbours	1409-1458	fn labels_follow_the_selected_node_and_its_neighbours()	fn	tests		camera graph labels names nested nested_names
248	sym:crates/gv-app/src/app.rs::stopping_the_layout_schedules_a_label_sync	stopping_the_layout_schedules_a_label_sync	sym	crates/gv-app/src/app.rs::stopping_the_layout_schedules_a_label_sync	1461-1471	fn stopping_the_layout_schedules_a_label_sync()	fn	tests		app
249	sym:crates/gv-app/src/app.rs::starting_the_layout_with_labels_already_on_is_allowed	starting_the_layout_with_labels_already_on_is_allowed	sym	crates/gv-app/src/app.rs::starting_the_layout_with_labels_already_on_is_allowed	1474-1486	fn starting_the_layout_with_labels_already_on_is_allowed()	fn	tests		app
250	sym:crates/gv-app/src/app.rs::point_segment_distance_handles_interior_and_endpoints	point_segment_distance_handles_interior_and_endpoints	sym	crates/gv-app/src/app.rs::point_segment_distance_handles_interior_and_endpoints	1489-1496	fn point_segment_distance_handles_interior_and_endpoints()	fn	tests		
251	sym:crates/gv-app/src/app.rs::pick_node_hits_the_sprite_under_the_cursor	pick_node_hits_the_sprite_under_the_cursor	sym	crates/gv-app/src/app.rs::pick_node_hits_the_sprite_under_the_cursor	1499-1516	fn pick_node_hits_the_sprite_under_the_cursor()	fn	tests		app graph
252	sym:crates/gv-app/src/app.rs::pick_edge_hits_the_line_between_two_nodes	pick_edge_hits_the_line_between_two_nodes	sym	crates/gv-app/src/app.rs::pick_edge_hits_the_line_between_two_nodes	1519-1535	fn pick_edge_hits_the_line_between_two_nodes()	fn	tests		app graph
253	sym:crates/gv-app/src/app.rs::labels_are_empty_without_metadata	labels_are_empty_without_metadata	sym	crates/gv-app/src/app.rs::labels_are_empty_without_metadata	1538-1543	fn labels_are_empty_without_metadata()	fn	tests		all camera graph
254	sym:crates/gv-app/src/app.rs::focusing_an_out_of_range_node_is_ignored	focusing_an_out_of_range_node_is_ignored	sym	crates/gv-app/src/app.rs::focusing_an_out_of_range_node_is_ignored	1546-1551	fn focusing_an_out_of_range_node_is_ignored()	fn	tests		app
255	sym:crates/gv-app/src/app.rs::a_frame_without_a_window_is_a_no_op	a_frame_without_a_window_is_a_no_op	sym	crates/gv-app/src/app.rs::a_frame_without_a_window_is_a_no_op	1554-1560	fn a_frame_without_a_window_is_a_no_op()	fn	tests		app
256	sym:crates/gv-app/src/headless.rs::Bounds	Bounds	sym	crates/gv-app/src/headless.rs::Bounds	21-24	pub struct Bounds	struct		Axis-aligned bounds of a laid-out graph.	
257	sym:crates/gv-app/src/headless.rs::of	of	sym	crates/gv-app/src/headless.rs::of	29-46	pub fn of(graph: &GraphData) -> Option<Self>	fn	impl Bounds	Bounds of every node position. `None` for an empty graph, which has no meaningful extent.	bounds first graph nodes
258	sym:crates/gv-app/src/headless.rs::extent	extent	sym	crates/gv-app/src/headless.rs::extent	48-54	pub fn extent(&self) -> [f32; 3]	fn	impl Bounds		
259	sym:crates/gv-app/src/headless.rs::mean_edge_length	mean_edge_length	sym	crates/gv-app/src/headless.rs::mean_edge_length	62-79	pub fn mean_edge_length(graph: &GraphData) -> Option<f32>	fn		Mean length of an edge, or `None` when there are no edges. The headline quality number: a converged Fruchterman-Reingold layout puts this near `k`, so it is the cheapest signal that a run did something sensible rather than collapsing to a point or flying apart.	a b dx dy dz graph total
260	sym:crates/gv-app/src/headless.rs::Report	Report	sym	crates/gv-app/src/headless.rs::Report	82-92	pub struct Report	struct			
261	sym:crates/gv-app/src/headless.rs::millis_per_step	millis_per_step	sym	crates/gv-app/src/headless.rs::millis_per_step	95-100	pub fn millis_per_step(&self) -> f64	fn	impl Report		
262	sym:crates/gv-app/src/headless.rs::fmt	fmt	sym	crates/gv-app/src/headless.rs::fmt	104-131	fn fmt(&self, f: &mut fmt::Formatter<'_>) -> fmt::Result	fn	impl Report		f x y z
263	sym:crates/gv-app/src/headless.rs::cpu_layout_for	cpu_layout_for	sym	crates/gv-app/src/headless.rs::cpu_layout_for	139-148	pub fn cpu_layout_for(choice: LayoutChoice) -> Result<Box<dyn CpuLayout>>	fn		Instantiates the CPU layout behind a picker choice. The GPU layout is deliberately absent: it does not implement [`CpuLayout`] at all, because it never brings the node array into host memory. Headless GPU runs go through [`step_on_gpu`] instead.	choice
264	sym:crates/gv-app/src/headless.rs::gpu_layout_for	gpu_layout_for	sym	crates/gv-app/src/headless.rs::gpu_layout_for	151-161	fn gpu_layout_for( choice: LayoutChoice, context: &GpuContext, buffers: &GraphBuffers, ) -> Result<Box<dyn GpuLayout>>	fn		Instantiates the device layout behind a picker choice.	buffers choice context
265	sym:crates/gv-app/src/headless.rs::step_on_gpu	step_on_gpu	sym	crates/gv-app/src/headless.rs::step_on_gpu	170-199	pub fn step_on_gpu( graph: &mut GraphData, params: &LayoutParams, choice: LayoutChoice, steps: u32, ) -> Result<(&'static str, Duration)>	fn		Runs the layout on a device, leaving the result in `graph`. Returns the layout's name and how long the steps took. The clock stops after a device poll, not after the last submit. Submitting is nearly free — without the wait this would report the cost of building command buffers and claim a speedup that is not there.	buffers choice context elapsed encoder graph layout params started steps
266	sym:crates/gv-app/src/headless.rs::run	run	sym	crates/gv-app/src/headless.rs::run	202-229	pub fn run( graph: &mut GraphData, params: &LayoutParams, choice: LayoutChoice, steps: u32, ) -> Result<Report>	fn		Steps `graph` in place and reports the result.	choice elapsed graph layout name params started steps
267	sym:crates/gv-app/src/headless.rs::graph_at	graph_at	sym	crates/gv-app/src/headless.rs::graph_at	236-246	fn graph_at(positions: &[[f32; 3]], edges: Vec<Edge>) -> GraphData	fn	tests		adjacency edges nodes positions
268	sym:crates/gv-app/src/headless.rs::bounds_span_every_node	bounds_span_every_node	sym	crates/gv-app/src/headless.rs::bounds_span_every_node	249-256	fn bounds_span_every_node()	fn	tests		bounds graph
269	sym:crates/gv-app/src/headless.rs::bounds_of_an_empty_graph_are_absent	bounds_of_an_empty_graph_are_absent	sym	crates/gv-app/src/headless.rs::bounds_of_an_empty_graph_are_absent	259-261	fn bounds_of_an_empty_graph_are_absent()	fn	tests		
270	sym:crates/gv-app/src/headless.rs::bounds_of_a_single_node_have_zero_extent	bounds_of_a_single_node_have_zero_extent	sym	crates/gv-app/src/headless.rs::bounds_of_a_single_node_have_zero_extent	264-267	fn bounds_of_a_single_node_have_zero_extent()	fn	tests		graph
271	sym:crates/gv-app/src/headless.rs::mean_edge_length_averages_over_edges	mean_edge_length_averages_over_edges	sym	crates/gv-app/src/headless.rs::mean_edge_length_averages_over_edges	270-277	fn mean_edge_length_averages_over_edges()	fn	tests		graph
272	sym:crates/gv-app/src/headless.rs::mean_edge_length_is_absent_without_edges	mean_edge_length_is_absent_without_edges	sym	crates/gv-app/src/headless.rs::mean_edge_length_is_absent_without_edges	280-282	fn mean_edge_length_is_absent_without_edges()	fn	tests		
273	sym:crates/gv-app/src/headless.rs::the_gpu_layout_is_not_a_cpu_layout	the_gpu_layout_is_not_a_cpu_layout	sym	crates/gv-app/src/headless.rs::the_gpu_layout_is_not_a_cpu_layout	285-292	fn the_gpu_layout_is_not_a_cpu_layout()	fn	tests		Err error
274	sym:crates/gv-app/src/headless.rs::a_headless_gpu_run_reports_the_same_shape_as_a_cpu_run	a_headless_gpu_run_reports_the_same_shape_as_a_cpu_run	sym	crates/gv-app/src/headless.rs::a_headless_gpu_run_reports_the_same_shape_as_a_cpu_run	296-311	fn a_headless_gpu_run_reports_the_same_shape_as_a_cpu_run()	fn	tests		graph params report
275	sym:crates/gv-app/src/headless.rs::cpu_choices_resolve_to_their_layouts	cpu_choices_resolve_to_their_layouts	sym	crates/gv-app/src/headless.rs::cpu_choices_resolve_to_their_layouts	314-320	fn cpu_choices_resolve_to_their_layouts()	fn	tests		
276	sym:crates/gv-app/src/headless.rs::zero_steps_reports_no_time_per_step	zero_steps_reports_no_time_per_step	sym	crates/gv-app/src/headless.rs::zero_steps_reports_no_time_per_step	323-330	fn zero_steps_reports_no_time_per_step()	fn	tests		graph report
277	sym:crates/gv-app/src/headless.rs::a_run_reports_the_shape_of_the_result	a_run_reports_the_shape_of_the_result	sym	crates/gv-app/src/headless.rs::a_run_reports_the_shape_of_the_result	333-346	fn a_run_reports_the_shape_of_the_result()	fn	tests		graph params report
278	sym:crates/gv-app/src/headless.rs::the_report_renders_every_field	the_report_renders_every_field	sym	crates/gv-app/src/headless.rs::the_report_renders_every_field	349-360	fn the_report_renders_every_field()	fn	tests		graph report text
279	sym:crates/gv-app/src/headless.rs::an_edgeless_run_renders_without_dividing_by_zero	an_edgeless_run_renders_without_dividing_by_zero	sym	crates/gv-app/src/headless.rs::an_edgeless_run_renders_without_dividing_by_zero	363-367	fn an_edgeless_run_renders_without_dividing_by_zero()	fn	tests		graph report
280	sym:crates/rkg-core/src/lib.rs::NodeId	NodeId	sym	crates/rkg-core/src/lib.rs::NodeId	26-26	pub type NodeId = String;	type		Stable, human-meaningful node identity. Kind-prefixed so new kinds (notably `sym:` symbols in a later phase) slot in without renumbering anything: `dir:src`, `file:src/foo.rs`, `doc:README.md`, `sec:README.md#Format`, `sym:src/foo.rs::parse`.	
281	sym:crates/rkg-core/src/lib.rs::NodeKind	NodeKind	sym	crates/rkg-core/src/lib.rs::NodeKind	33-39	pub enum NodeKind	enum		What a node represents. `Symbol` is reserved now and populated once tree-sitter extraction lands; keeping it in the enum from day one means the schema, the serialized form, and the viewer's kind filter never have to change for it.	
282	sym:crates/rkg-core/src/lib.rs::tag	tag	sym	crates/rkg-core/src/lib.rs::tag	43-51	pub fn tag(self) -> &'static str	fn	impl NodeKind	Lowercase tag used in `nodes.tsv` and the `id` prefix.	
283	sym:crates/rkg-core/src/lib.rs::from_tag	from_tag	sym	crates/rkg-core/src/lib.rs::from_tag	54-63	pub fn from_tag(tag: &str) -> Option<Self>	fn	impl NodeKind	Parses a tag back into a kind; used by the viewer's sidecar loader.	tag
284	sym:crates/rkg-core/src/lib.rs::EdgeKind	EdgeKind	sym	crates/rkg-core/src/lib.rs::EdgeKind	70-83	pub enum EdgeKind	enum		How two nodes relate. Directed: `from` → `to`. `Defines`/`Calls`/`References` are reserved for symbol-level extraction.	
285	sym:crates/rkg-core/src/lib.rs::tag@86	tag	sym	crates/rkg-core/src/lib.rs::tag	86-95	pub fn tag(self) -> &'static str	fn	impl EdgeKind		
286	sym:crates/rkg-core/src/lib.rs::from_tag@97	from_tag	sym	crates/rkg-core/src/lib.rs::from_tag	97-107	pub fn from_tag(tag: &str) -> Option<Self>	fn	impl EdgeKind		tag
287	sym:crates/rkg-core/src/lib.rs::Span	Span	sym	crates/rkg-core/src/lib.rs::Span	112-115	pub struct Span	struct		A line span within a file, 1-based and inclusive.	
288	sym:crates/rkg-core/src/lib.rs::Node	Node	sym	crates/rkg-core/src/lib.rs::Node	121-150	pub struct Node	struct		One node with its metadata. Everything past `name` is optional context an AI consumer can use without opening the file; `signature`/`summary`/`span` fill in for symbols and docs.	
289	sym:crates/rkg-core/src/lib.rs::new	new	sym	crates/rkg-core/src/lib.rs::new	154-170	pub fn new(kind: NodeKind, path: impl Into<String>, name: impl Into<String>) -> Self	fn	impl Node	A structural node (dir/file/doc) with no source-derived metadata yet.	kind name path
290	sym:crates/rkg-core/src/lib.rs::Edge	Edge	sym	crates/rkg-core/src/lib.rs::Edge	175-181	pub struct Edge	struct		A directed, typed edge over [`NodeId`]s.	
291	sym:crates/rkg-core/src/lib.rs::one	one	sym	crates/rkg-core/src/lib.rs::one	183-185	fn one() -> f32	fn			
292	sym:crates/rkg-core/src/lib.rs::new@188	new	sym	crates/rkg-core/src/lib.rs::new	188-195	pub fn new(from: impl Into<NodeId>, to: impl Into<NodeId>, kind: EdgeKind) -> Self	fn	impl Edge		from kind to
293	sym:crates/rkg-core/src/lib.rs::Graph	Graph	sym	crates/rkg-core/src/lib.rs::Graph	201-214	pub struct Graph	struct		The knowledge graph. `nodes`/`edges` are the serialized state; the index and adjacency are derived and rebuilt after load via [`Graph::reindex`].	
294	sym:crates/rkg-core/src/lib.rs::new@217	new	sym	crates/rkg-core/src/lib.rs::new	217-219	pub fn new() -> Self	fn	impl Graph		
295	sym:crates/rkg-core/src/lib.rs::add_node	add_node	sym	crates/rkg-core/src/lib.rs::add_node	223-233	pub fn add_node(&mut self, node: Node) -> usize	fn	impl Graph	Inserts a node, or returns the existing index if its id is already present. Later structural passes may re-assert the same dir/file; first write wins.	i node
296	sym:crates/rkg-core/src/lib.rs::add_edge	add_edge	sym	crates/rkg-core/src/lib.rs::add_edge	237-254	pub fn add_edge(&mut self, edge: Edge) -> bool	fn	impl Graph	Adds an edge only if both endpoints exist and the same (from,to,kind) triple is not already present. Returns false if it was a dangling or duplicate edge.	Some edge ei from to
297	sym:crates/rkg-core/src/lib.rs::node	node	sym	crates/rkg-core/src/lib.rs::node	256-258	pub fn node(&self, id: &str) -> Option<&Node>	fn	impl Graph		id
298	sym:crates/rkg-core/src/lib.rs::contains	contains	sym	crates/rkg-core/src/lib.rs::contains	260-262	pub fn contains(&self, id: &str) -> bool	fn	impl Graph		id
299	sym:crates/rkg-core/src/lib.rs::out_edges	out_edges	sym	crates/rkg-core/src/lib.rs::out_edges	265-270	pub fn out_edges(&self, id: &str) -> impl Iterator<Item = &Edge>	fn	impl Graph	Outgoing edges of `id`.	id
300	sym:crates/rkg-core/src/lib.rs::in_edges	in_edges	sym	crates/rkg-core/src/lib.rs::in_edges	273-278	pub fn in_edges(&self, id: &str) -> impl Iterator<Item = &Edge>	fn	impl Graph	Incoming edges of `id`.	id
301	sym:crates/rkg-core/src/lib.rs::node_count	node_count	sym	crates/rkg-core/src/lib.rs::node_count	280-282	pub fn node_count(&self) -> usize	fn	impl Graph		
302	sym:crates/rkg-core/src/lib.rs::edge_count	edge_count	sym	crates/rkg-core/src/lib.rs::edge_count	284-286	pub fn edge_count(&self) -> usize	fn	impl Graph		
303	sym:crates/rkg-core/src/lib.rs::reindex	reindex	sym	crates/rkg-core/src/lib.rs::reindex	290-307	pub fn reindex(&mut self)	fn	impl Graph	Rebuilds the id index and adjacency from `nodes`/`edges`. Call after deserializing, since those derived fields are `#[serde(skip)]`.	
304	sym:crates/rkg-core/src/lib.rs::save	save	sym	crates/rkg-core/src/lib.rs::save	310-321	pub fn save(&self, path: impl AsRef<Path>) -> Result<()>	fn	impl Graph	Serializes to pretty JSON at `path`.	json path
305	sym:crates/rkg-core/src/lib.rs::load	load	sym	crates/rkg-core/src/lib.rs::load	324-332	pub fn load(path: impl AsRef<Path>) -> Result<Self>	fn	impl Graph	Loads a graph from JSON and rebuilds its adjacency.	graph json path
306	sym:crates/rkg-core/src/lib.rs::sample	sample	sym	crates/rkg-core/src/lib.rs::sample	339-345	fn sample() -> Graph	fn	tests		g
307	sym:crates/rkg-core/src/lib.rs::add_node_dedupes_by_id	add_node_dedupes_by_id	sym	crates/rkg-core/src/lib.rs::add_node_dedupes_by_id	348-354	fn add_node_dedupes_by_id()	fn	tests		again first g
308	sym:crates/rkg-core/src/lib.rs::add_edge_rejects_dangling_and_duplicate	add_edge_rejects_dangling_and_duplicate	sym	crates/rkg-core/src/lib.rs::add_edge_rejects_dangling_and_duplicate	357-372	fn add_edge_rejects_dangling_and_duplicate()	fn	tests		g
309	sym:crates/rkg-core/src/lib.rs::out_and_in_edges_resolve	out_and_in_edges_resolve	sym	crates/rkg-core/src/lib.rs::out_and_in_edges_resolve	375-380	fn out_and_in_edges_resolve()	fn	tests		g
310	sym:crates/rkg-core/src/lib.rs::json_round_trip_preserves_and_reindexes	json_round_trip_preserves_and_reindexes	sym	crates/rkg-core/src/lib.rs::json_round_trip_preserves_and_reindexes	383-390	fn json_round_trip_preserves_and_reindexes()	fn	tests		back g json
311	sym:crates/rkg-core/src/export.rs::ExportOptions	ExportOptions	sym	crates/rkg-core/src/export.rs::ExportOptions	19-21	pub struct ExportOptions	struct		Which edge kinds to include in the projection. `None` means all.	
312	sym:crates/rkg-core/src/export.rs::includes	includes	sym	crates/rkg-core/src/export.rs::includes	24-29	fn includes(&self, kind: EdgeKind) -> bool	fn	impl ExportOptions		kind
313	sym:crates/rkg-core/src/export.rs::dense_index	dense_index	sym	crates/rkg-core/src/export.rs::dense_index	32-39	fn dense_index(graph: &Graph) -> HashMap<&str, u32>	fn			graph
314	sym:crates/rkg-core/src/export.rs::write_edges	write_edges	sym	crates/rkg-core/src/export.rs::write_edges	42-59	pub fn write_edges(graph: &Graph, path: impl AsRef<Path>, opts: &ExportOptions) -> Result<usize>	fn		Writes the integer edge list. Returns the number of edges written.	from graph index opts out path to written
315	sym:crates/rkg-core/src/export.rs::write_nodes_tsv	write_nodes_tsv	sym	crates/rkg-core/src/export.rs::write_nodes_tsv	65-102	pub fn write_nodes_tsv(graph: &Graph, path: impl AsRef<Path>) -> Result<()>	fn		Writes the node-attribute sidecar consumed by the searchable viewer: `index<TAB>id<TAB>name<TAB>kind<TAB>path<TAB>span<TAB>signature<TAB>symbol_kind<TAB>container<TAB>doc`, one row per node in dense order. Trailing columns are optional — a shorter sidecar still loads — so the layout can grow without breaking older files.	buf container doc graph id locals name path signature span symbol_kind
316	sym:crates/rkg-core/src/export.rs::sanitize_cell	sanitize_cell	sym	crates/rkg-core/src/export.rs::sanitize_cell	106-110	fn sanitize_cell(s: &str) -> String	fn		Replaces tabs and any control whitespace with single spaces so a value is safe to place in a TSV cell.	s
317	sym:crates/rkg-core/src/export.rs::to_graph_data	to_graph_data	sym	crates/rkg-core/src/export.rs::to_graph_data	115-135	pub fn to_graph_data(graph: &Graph, opts: &ExportOptions) -> gv_graph::GraphData	fn		Builds a `gv_graph::GraphData` directly from the knowledge graph, reusing the viewer's `Edge`/`Csr` types. Node state is left zeroed for the seeder to fill; `labels[i]` is node `i`'s id. Useful for embedding the viewer in-process.	adjacency edges graph index labels opts
318	sym:crates/rkg-core/src/export.rs::sample	sample	sym	crates/rkg-core/src/export.rs::sample	142-150	fn sample() -> Graph	fn	tests		g
319	sym:crates/rkg-core/src/export.rs::edge_filter_selects_kinds	edge_filter_selects_kinds	sym	crates/rkg-core/src/export.rs::edge_filter_selects_kinds	153-165	fn edge_filter_selects_kinds()	fn	tests		all g gd imports_only
320	sym:crates/rkg-core/src/export.rs::nodes_tsv_rows_survive_multiline_fields	nodes_tsv_rows_survive_multiline_fields	sym	crates/rkg-core/src/export.rs::nodes_tsv_rows_survive_multiline_fields	168-192	fn nodes_tsv_rows_survive_multiline_fields()	fn	tests		cols dir g n path text
321	sym:crates/rkg-core/src/export.rs::edges_are_written_as_dense_indices	edges_are_written_as_dense_indices	sym	crates/rkg-core/src/export.rs::edges_are_written_as_dense_indices	195-207	fn edges_are_written_as_dense_indices()	fn	tests		dir edges_path g n text
322	sym:crates/rkg-core/src/query.rs::Direction	Direction	sym	crates/rkg-core/src/query.rs::Direction	13-17	pub enum Direction	enum		Which direction to traverse edges in.	
323	sym:crates/rkg-core/src/query.rs::find_node	find_node	sym	crates/rkg-core/src/query.rs::find_node	22-48	pub fn find_node<'g>(graph: &'g Graph, query: &str, kind: Option<NodeKind>) -> Vec<&'g Node>	fn		Case-insensitive substring search over node name, path, and id, with an optional kind filter. Results are ordered by a light relevance heuristic: exact name match first, then name-prefix, then everything else.	graph hits kind name needle query
324	sym:crates/rkg-core/src/query.rs::neighbors	neighbors	sym	crates/rkg-core/src/query.rs::neighbors	53-81	pub fn neighbors( graph: &Graph, start: &str, depth: u32, edge_kinds: Option<&[EdgeKind]>, direction: Direction, ) -> Vec<NodeId>	fn		Node ids reachable from `start` within `depth` hops, following edges in `direction`, optionally restricted to `edge_kinds`. Excludes `start` itself. Order is breadth-first (nearest first).	depth direction edge_kinds graph out queue seen start
325	sym:crates/rkg-core/src/query.rs::step	step	sym	crates/rkg-core/src/query.rs::step	85-108	fn step<'g>( graph: &'g Graph, id: &str, edge_kinds: Option<&[EdgeKind]>, direction: Direction, ) -> Vec<(&'g str, EdgeKind)>	fn		One hop from `id`: yields `(neighbor_id, edge_kind)` pairs honoring direction and the kind filter.	allow direction edge_kinds graph id result
326	sym:crates/rkg-core/src/query.rs::subgraph	subgraph	sym	crates/rkg-core/src/query.rs::subgraph	112-126	pub fn subgraph(graph: &Graph, ids: &[String]) -> Graph	fn		The induced subgraph over `ids` — every node in `ids` that exists, plus every edge whose endpoints are both in the set. Returned graph is reindexed.	graph ids keep out
327	sym:crates/rkg-core/src/query.rs::path_between	path_between	sym	crates/rkg-core/src/query.rs::path_between	130-162	pub fn path_between(graph: &Graph, a: &str, b: &str) -> Option<Vec<NodeId>>	fn		Shortest path between `a` and `b` treating edges as undirected, or `None` if they are disconnected. Includes both endpoints.	a b cur graph path prev queue
328	sym:crates/rkg-core/src/query.rs::ContextEntry	ContextEntry	sym	crates/rkg-core/src/query.rs::ContextEntry	167-188	pub struct ContextEntry	struct		One entry in a [`ContextPack`]: a node plus why it was included and how far it sits from the seed.	
329	sym:crates/rkg-core/src/query.rs::ContextPack	ContextPack	sym	crates/rkg-core/src/query.rs::ContextPack	193-197	pub struct ContextPack	struct		A compact, budgeted bundle of context around a seed — the token-saving payload an AI reads instead of opening files.	
330	sym:crates/rkg-core/src/query.rs::estimate_tokens	estimate_tokens	sym	crates/rkg-core/src/query.rs::estimate_tokens	200-207	fn estimate_tokens(node: &Node) -> u32	fn		Rough token estimate: ~4 chars per token over a node's textual footprint.	chars node
331	sym:crates/rkg-core/src/query.rs::edge_cost	edge_cost	sym	crates/rkg-core/src/query.rs::edge_cost	212-221	fn edge_cost(kind: EdgeKind) -> u32	fn		Relevance cost of crossing an edge of a given kind. Semantic edges (what imports/links/calls what) are cheap; structural containment is expensive, so a file's imports rank far above its directory siblings when packing context.	kind
332	sym:crates/rkg-core/src/query.rs::context_pack	context_pack	sym	crates/rkg-core/src/query.rs::context_pack	231-298	pub fn context_pack(graph: &Graph, seed: &str, token_budget: u32) -> Option<ContextPack>	fn		Builds a ranked, token-budgeted neighborhood around `seed`. Reachability is explored by *relevance cost* (a shortest-path search where each edge kind is weighted by [`edge_cost`]) rather than raw hops, so semantically related nodes — imports, links, definitions — are preferred over structural directory neighbors that a plain BFS would surface just as eagerly. Entries are admitted in ascending cost…	best est graph heap hops next node order pack reason seed token_budget via
333	sym:crates/rkg-core/src/query.rs::chain	chain	sym	crates/rkg-core/src/query.rs::chain	305-316	fn chain() -> Graph	fn	tests		g
334	sym:crates/rkg-core/src/query.rs::find_ranks_exact_name_first	find_ranks_exact_name_first	sym	crates/rkg-core/src/query.rs::find_ranks_exact_name_first	319-323	fn find_ranks_exact_name_first()	fn	tests		g hits
335	sym:crates/rkg-core/src/query.rs::find_respects_kind_filter	find_respects_kind_filter	sym	crates/rkg-core/src/query.rs::find_respects_kind_filter	326-331	fn find_respects_kind_filter()	fn	tests		docs g
336	sym:crates/rkg-core/src/query.rs::neighbors_are_depth_bounded	neighbors_are_depth_bounded	sym	crates/rkg-core/src/query.rs::neighbors_are_depth_bounded	334-343	fn neighbors_are_depth_bounded()	fn	tests		d1 d2 g
337	sym:crates/rkg-core/src/query.rs::neighbors_respect_direction_and_kind	neighbors_respect_direction_and_kind	sym	crates/rkg-core/src/query.rs::neighbors_respect_direction_and_kind	346-357	fn neighbors_respect_direction_and_kind()	fn	tests		g out
338	sym:crates/rkg-core/src/query.rs::path_between_is_undirected	path_between_is_undirected	sym	crates/rkg-core/src/query.rs::path_between_is_undirected	360-372	fn path_between_is_undirected()	fn	tests		g path
339	sym:crates/rkg-core/src/query.rs::context_pack_starts_with_seed_and_respects_budget	context_pack_starts_with_seed_and_respects_budget	sym	crates/rkg-core/src/query.rs::context_pack_starts_with_seed_and_respects_budget	375-386	fn context_pack_starts_with_seed_and_respects_budget()	fn	tests		g pack tight
340	sym:crates/gv-web/src/lib.rs::start	start	sym	crates/gv-web/src/lib.rs::start	19-22	pub fn start()	fn		Installs the panic hook and a console logger. Called once at module load.	
341	sym:crates/gv-web/src/lib.rs::run	run	sym	crates/gv-web/src/lib.rs::run	28-30	pub fn run(edges_text: String, nodes_text: String) -> Result<(), JsValue>	fn		Loads the exported graph from the supplied file contents and starts the viewer on the page's `<canvas id="graph-canvas">`. Call this only after the user has chosen both files.	edges_text nodes_text
342	sym:crates/gv-web/src/lib.rs::run_inner	run_inner	sym	crates/gv-web/src/lib.rs::run_inner	32-50	fn run_inner(edges_text: &str, nodes_text: &str) -> anyhow::Result<()>	fn			config edges_text graph nodes_text options
343	sym:crates/gv-render/src/camera.rs::CameraUniforms	CameraUniforms	sym	crates/gv-render/src/camera.rs::CameraUniforms	21-26	pub struct CameraUniforms	struct		What the vertex shaders need, in one uniform block. `viewport` is here because the node sprite reproduces the original's pixel-space point size, and converting pixels to clip space needs the framebuffer dimensions.	
344	sym:crates/gv-render/src/camera.rs::Camera	Camera	sym	crates/gv-render/src/camera.rs::Camera	29-43	pub struct Camera	struct			
345	sym:crates/gv-render/src/camera.rs::default	default	sym	crates/gv-render/src/camera.rs::default	46-61	fn default() -> Self	fn	impl Camera		
346	sym:crates/gv-render/src/camera.rs::resize	resize	sym	crates/gv-render/src/camera.rs::resize	70-75	pub fn resize(&mut self, width: u32, height: u32)	fn	impl Camera	Recomputes the aspect ratio on resize. The original computed `width / height` on two `int`s, so a 1280x620 window got an aspect of 2 instead of 2.064 and the image was subtly stretched. This divides as f32.	height width
347	sym:crates/gv-render/src/camera.rs::projection_matrix	projection_matrix	sym	crates/gv-render/src/camera.rs::projection_matrix	82-89	pub fn projection_matrix(&self) -> Mat4	fn	impl Camera	Right-handed perspective onto wgpu's 0..=1 depth range. Not the OpenGL -1..=1 range the original's `glm::perspective` produced: wgpu follows the DirectX/Vulkan convention, so the GL-style projection would compress everything into the near half of the depth buffer.	
348	sym:crates/gv-render/src/camera.rs::view_matrix	view_matrix	sym	crates/gv-render/src/camera.rs::view_matrix	91-95	pub fn view_matrix(&self) -> Mat4	fn	impl Camera		
349	sym:crates/gv-render/src/camera.rs::uniforms	uniforms	sym	crates/gv-render/src/camera.rs::uniforms	97-104	pub fn uniforms(&self) -> CameraUniforms	fn	impl Camera		
350	sym:crates/gv-render/src/camera.rs::translate	translate	sym	crates/gv-render/src/camera.rs::translate	106-108	fn translate(&mut self, delta: Vec3)	fn	impl Camera		delta
351	sym:crates/gv-render/src/camera.rs::zoom	zoom	sym	crates/gv-render/src/camera.rs::zoom	113-123	pub fn zoom(&mut self, amount: f32)	fn	impl Camera	Moves along the view direction by `amount` steps of the camera velocity — positive is forward (zoom in), negative back. `W`/`S` are `zoom(±1)`; the mouse wheel passes its notch count so a flick travels proportionally.	amount pitch yaw
352	sym:crates/gv-render/src/camera.rs::forward	forward	sym	crates/gv-render/src/camera.rs::forward	125-127	pub fn forward(&mut self)	fn	impl Camera		
353	sym:crates/gv-render/src/camera.rs::back	back	sym	crates/gv-render/src/camera.rs::back	129-131	pub fn back(&mut self)	fn	impl Camera		
354	sym:crates/gv-render/src/camera.rs::left	left	sym	crates/gv-render/src/camera.rs::left	133-140	pub fn left(&mut self)	fn	impl Camera		yaw
355	sym:crates/gv-render/src/camera.rs::right	right	sym	crates/gv-render/src/camera.rs::right	142-149	pub fn right(&mut self)	fn	impl Camera		yaw
356	sym:crates/gv-render/src/camera.rs::up	up	sym	crates/gv-render/src/camera.rs::up	151-153	pub fn up(&mut self)	fn	impl Camera		
357	sym:crates/gv-render/src/camera.rs::down	down	sym	crates/gv-render/src/camera.rs::down	155-157	pub fn down(&mut self)	fn	impl Camera		
358	sym:crates/gv-render/src/camera.rs::rotate_left	rotate_left	sym	crates/gv-render/src/camera.rs::rotate_left	159-161	pub fn rotate_left(&mut self)	fn	impl Camera		
359	sym:crates/gv-render/src/camera.rs::rotate_right	rotate_right	sym	crates/gv-render/src/camera.rs::rotate_right	163-165	pub fn rotate_right(&mut self)	fn	impl Camera		
360	sym:crates/gv-render/src/camera.rs::rotate_up	rotate_up	sym	crates/gv-render/src/camera.rs::rotate_up	167-169	pub fn rotate_up(&mut self)	fn	impl Camera		
361	sym:crates/gv-render/src/camera.rs::rotate_down	rotate_down	sym	crates/gv-render/src/camera.rs::rotate_down	171-173	pub fn rotate_down(&mut self)	fn	impl Camera		
362	sym:crates/gv-render/src/camera.rs::mouse_look	mouse_look	sym	crates/gv-render/src/camera.rs::mouse_look	176-179	pub fn mouse_look(&mut self, delta_x: f32, delta_y: f32)	fn	impl Camera	Applies a mouse drag, in pixels.	delta_x delta_y
363	sym:crates/gv-render/src/camera.rs::reset	reset	sym	crates/gv-render/src/camera.rs::reset	182-184	pub fn reset(&mut self)	fn	impl Camera	Clears the rotation, keeping the position — what `Camera::Reset` did.	
364	sym:crates/gv-render/src/camera.rs::focus_on	focus_on	sym	crates/gv-render/src/camera.rs::focus_on	193-196	pub fn focus_on(&mut self, target: Vec3, standoff: f32)	fn	impl Camera	Frames `target` dead-centre at `standoff` units in front of the camera, clearing rotation. Used to jump to a searched node. With rotation cleared the view is a pure translation (`view = T(position)`), so a world point `p` lands at `p + position` in camera space. Placing `target` at `(0, 0, -standoff)` — the same framing the default camera gives the origin — means `position = (0,0,-standoff) - targ…	standoff target
365	sym:crates/gv-render/src/camera.rs::aspect_ratio_is_not_integer_divided	aspect_ratio_is_not_integer_divided	sym	crates/gv-render/src/camera.rs::aspect_ratio_is_not_integer_divided	204-210	fn aspect_ratio_is_not_integer_divided()	fn	tests		camera
366	sym:crates/gv-render/src/camera.rs::resize_to_zero_height_does_not_divide_by_zero	resize_to_zero_height_does_not_divide_by_zero	sym	crates/gv-render/src/camera.rs::resize_to_zero_height_does_not_divide_by_zero	213-217	fn resize_to_zero_height_does_not_divide_by_zero()	fn	tests		camera
367	sym:crates/gv-render/src/camera.rs::uniforms_satisfy_wgsl_uniform_alignment	uniforms_satisfy_wgsl_uniform_alignment	sym	crates/gv-render/src/camera.rs::uniforms_satisfy_wgsl_uniform_alignment	220-223	fn uniforms_satisfy_wgsl_uniform_alignment()	fn	tests		
368	sym:crates/gv-render/src/camera.rs::uniforms_carry_the_viewport_for_the_point_size_conversion	uniforms_carry_the_viewport_for_the_point_size_conversion	sym	crates/gv-render/src/camera.rs::uniforms_carry_the_viewport_for_the_point_size_conversion	226-230	fn uniforms_carry_the_viewport_for_the_point_size_conversion()	fn	tests		camera
369	sym:crates/gv-render/src/camera.rs::the_projection_maps_the_near_plane_to_zero_depth	the_projection_maps_the_near_plane_to_zero_depth	sym	crates/gv-render/src/camera.rs::the_projection_maps_the_near_plane_to_zero_depth	233-239	fn the_projection_maps_the_near_plane_to_zero_depth()	fn	tests		camera clip
370	sym:crates/gv-render/src/camera.rs::the_projection_maps_the_far_plane_to_unit_depth	the_projection_maps_the_far_plane_to_unit_depth	sym	crates/gv-render/src/camera.rs::the_projection_maps_the_far_plane_to_unit_depth	242-247	fn the_projection_maps_the_far_plane_to_unit_depth()	fn	tests		camera clip
371	sym:crates/gv-render/src/camera.rs::forward_and_back_are_inverses	forward_and_back_are_inverses	sym	crates/gv-render/src/camera.rs::forward_and_back_are_inverses	250-262	fn forward_and_back_are_inverses()	fn	tests		camera start
372	sym:crates/gv-render/src/camera.rs::left_and_right_are_inverses	left_and_right_are_inverses	sym	crates/gv-render/src/camera.rs::left_and_right_are_inverses	265-274	fn left_and_right_are_inverses()	fn	tests		camera start
373	sym:crates/gv-render/src/camera.rs::up_and_down_are_inverses	up_and_down_are_inverses	sym	crates/gv-render/src/camera.rs::up_and_down_are_inverses	277-283	fn up_and_down_are_inverses()	fn	tests		camera start
374	sym:crates/gv-render/src/camera.rs::zoom_scales_forward_motion_by_the_amount	zoom_scales_forward_motion_by_the_amount	sym	crates/gv-render/src/camera.rs::zoom_scales_forward_motion_by_the_amount	286-303	fn zoom_scales_forward_motion_by_the_amount()	fn	tests		c key start wheel
375	sym:crates/gv-render/src/camera.rs::forward_with_no_rotation_moves_along_positive_z	forward_with_no_rotation_moves_along_positive_z	sym	crates/gv-render/src/camera.rs::forward_with_no_rotation_moves_along_positive_z	306-315	fn forward_with_no_rotation_moves_along_positive_z()	fn	tests		camera start
376	sym:crates/gv-render/src/camera.rs::arrow_rotation_is_symmetric	arrow_rotation_is_symmetric	sym	crates/gv-render/src/camera.rs::arrow_rotation_is_symmetric	318-327	fn arrow_rotation_is_symmetric()	fn	tests		camera
377	sym:crates/gv-render/src/camera.rs::mouse_look_scales_by_the_rotation_velocity	mouse_look_scales_by_the_rotation_velocity	sym	crates/gv-render/src/camera.rs::mouse_look_scales_by_the_rotation_velocity	330-339	fn mouse_look_scales_by_the_rotation_velocity()	fn	tests		camera
378	sym:crates/gv-render/src/camera.rs::focus_on_centres_the_target_at_the_standoff	focus_on_centres_the_target_at_the_standoff	sym	crates/gv-render/src/camera.rs::focus_on_centres_the_target_at_the_standoff	342-354	fn focus_on_centres_the_target_at_the_standoff()	fn	tests		camera camera_space target
379	sym:crates/gv-render/src/camera.rs::reset_clears_rotation_but_keeps_position	reset_clears_rotation_but_keeps_position	sym	crates/gv-render/src/camera.rs::reset_clears_rotation_but_keeps_position	357-369	fn reset_clears_rotation_but_keeps_position()	fn	tests		camera moved
380	sym:crates/gv-render/src/camera.rs::the_view_matrix_composes_rotation_then_translation	the_view_matrix_composes_rotation_then_translation	sym	crates/gv-render/src/camera.rs::the_view_matrix_composes_rotation_then_translation	372-385	fn the_view_matrix_composes_rotation_then_translation()	fn	tests		camera expected
381	sym:crates/gv-render/src/edges.rs::EdgePipeline	EdgePipeline	sym	crates/gv-render/src/edges.rs::EdgePipeline	11-13	pub struct EdgePipeline	struct			
382	sym:crates/gv-render/src/edges.rs::new	new	sym	crates/gv-render/src/edges.rs::new	16-59	pub fn new( device: &wgpu::Device, layout: &wgpu::PipelineLayout, shader: &wgpu::ShaderModule, format: wgpu::TextureFormat, ) -> Self	fn	impl EdgePipeline		device format layout pipeline shader
383	sym:crates/gv-render/src/edges.rs::vertex_count	vertex_count	sym	crates/gv-render/src/edges.rs::vertex_count	62-64	pub fn vertex_count(edge_count: u32) -> u32	fn	impl EdgePipeline	Vertices to draw for `edge_count` edges — two per edge.	edge_count
384	sym:crates/gv-render/src/edges.rs::resolve_vertex	resolve_vertex	sym	crates/gv-render/src/edges.rs::resolve_vertex	70-72	pub fn resolve_vertex(vertex_index: u32) -> (u32, u32)	fn	impl EdgePipeline	The `(edge, endpoint)` a given vertex index resolves to. This is the arithmetic the vertex shader performs, lifted out so it can be checked on the host. Endpoint 0 is `from`, 1 is `to`.	vertex_index
385	sym:crates/gv-render/src/edges.rs::each_edge_becomes_two_vertices	each_edge_becomes_two_vertices	sym	crates/gv-render/src/edges.rs::each_edge_becomes_two_vertices	80-83	fn each_edge_becomes_two_vertices()	fn	tests		
386	sym:crates/gv-render/src/edges.rs::vertices_resolve_to_alternating_endpoints	vertices_resolve_to_alternating_endpoints	sym	crates/gv-render/src/edges.rs::vertices_resolve_to_alternating_endpoints	86-91	fn vertices_resolve_to_alternating_endpoints()	fn	tests		
387	sym:crates/gv-render/src/edges.rs::every_vertex_of_every_edge_is_visited_exactly_once	every_vertex_of_every_edge_is_visited_exactly_once	sym	crates/gv-render/src/edges.rs::every_vertex_of_every_edge_is_visited_exactly_once	94-103	fn every_vertex_of_every_edge_is_visited_exactly_once()	fn	tests		edge edge_count endpoint seen
388	sym:crates/gv-render/src/renderer.rs::DEPTH_FORMAT	DEPTH_FORMAT	sym	crates/gv-render/src/renderer.rs::DEPTH_FORMAT	10-10	pub const DEPTH_FORMAT: wgpu::TextureFormat = wgpu::TextureFormat::Depth32Float;	const			
389	sym:crates/gv-render/src/renderer.rs::Renderer	Renderer	sym	crates/gv-render/src/renderer.rs::Renderer	12-29	pub struct Renderer	struct			
390	sym:crates/gv-render/src/renderer.rs::new	new	sym	crates/gv-render/src/renderer.rs::new	32-152	pub fn new( context: &GpuContext, surface: wgpu::Surface<'static>, buffers: &GraphBuffers, app_config: &AppConfig, width: u32, height: u32, ) -> Result<Self>	fn	impl Renderer		app_config bind_group bind_group_layout buffers camera_buffer capabilities config context depth_view device dim_buffer edges format height nodes pipeline_layout shader surface visibility_buffer width
391	sym:crates/gv-render/src/renderer.rs::set_visibility	set_visibility	sym	crates/gv-render/src/renderer.rs::set_visibility	156-160	pub fn set_visibility(&self, visible: &[u32])	fn	impl Renderer	Uploads a fresh per-node visibility mask (`1` visible, `0` hidden). The slice must be `node_count` long; the shader indexes it by node.	visible
392	sym:crates/gv-render/src/renderer.rs::set_dim	set_dim	sym	crates/gv-render/src/renderer.rs::set_dim	164-168	pub fn set_dim(&self, dim: &[f32])	fn	impl Renderer	Uploads a fresh per-node dim mask (`1.0` full brightness, `<1.0` dimmed). The slice must be `node_count` long; the shader indexes it by node.	dim
393	sym:crates/gv-render/src/renderer.rs::present_mode	present_mode	sym	crates/gv-render/src/renderer.rs::present_mode	171-178	pub fn present_mode(is_vsync_enabled: bool) -> wgpu::PresentMode	fn	impl Renderer	Present mode for the configured vsync setting.	is_vsync_enabled
394	sym:crates/gv-render/src/renderer.rs::surface_format	surface_format	sym	crates/gv-render/src/renderer.rs::surface_format	180-182	pub fn surface_format(&self) -> wgpu::TextureFormat	fn	impl Renderer		
395	sym:crates/gv-render/src/renderer.rs::size	size	sym	crates/gv-render/src/renderer.rs::size	184-186	pub fn size(&self) -> (u32, u32)	fn	impl Renderer		
396	sym:crates/gv-render/src/renderer.rs::resize	resize	sym	crates/gv-render/src/renderer.rs::resize	189-197	pub fn resize(&mut self, width: u32, height: u32)	fn	impl Renderer	Reconfigures the surface and rebuilds the depth texture.	height width
397	sym:crates/gv-render/src/renderer.rs::acquire	acquire	sym	crates/gv-render/src/renderer.rs::acquire	205-223	pub fn acquire(&mut self) -> Result<Option<wgpu::SurfaceTexture>>	fn	impl Renderer	Acquires the next frame, or `None` when this frame should be skipped. A surface can legitimately have nothing to give — occluded, or timed out — and that is not an error; the frame is simply dropped. Lost and Outdated mean the surface needs reconfiguring, which happens routinely on resize, so those retry once.	
398	sym:crates/gv-render/src/renderer.rs::draw_graph	draw_graph	sym	crates/gv-render/src/renderer.rs::draw_graph	227-277	pub fn draw_graph( &mut self, encoder: &mut wgpu::CommandEncoder, target: &wgpu::TextureView, buffers: &GraphBuffers, camera: &Camera, app_config: &AppConfig, )	fn	impl Renderer	Records the graph draw. `encoder` may already hold this step's layout dispatches, so compute and draw share a single submission.	a app_config b buffers camera encoder g pass r target
399	sym:crates/gv-render/src/renderer.rs::choose_surface_format	choose_surface_format	sym	crates/gv-render/src/renderer.rs::choose_surface_format	293-301	fn choose_surface_format(formats: &[wgpu::TextureFormat]) -> wgpu::TextureFormat	fn		Picks the swapchain format: the surface's preferred one, with any sRGB encoding dropped. Both consumers want to write their colours through unmodified. The original rendered to a default framebuffer with no `GL_FRAMEBUFFER_SRGB`, so its node and clear colours reached the screen raw; an sRGB surface would encode them a second time and wash the whole scene out. egui wants the same thing for the same…	formats linear preferred
400	sym:crates/gv-render/src/renderer.rs::storage_entry	storage_entry	sym	crates/gv-render/src/renderer.rs::storage_entry	303-314	fn storage_entry(binding: u32) -> wgpu::BindGroupLayoutEntry	fn			binding
401	sym:crates/gv-render/src/renderer.rs::create_depth_view	create_depth_view	sym	crates/gv-render/src/renderer.rs::create_depth_view	316-333	fn create_depth_view(device: &wgpu::Device, width: u32, height: u32) -> wgpu::TextureView	fn			device height width
402	sym:crates/gv-render/src/renderer.rs::the_graph_shader_is_valid_wgsl	the_graph_shader_is_valid_wgsl	sym	crates/gv-render/src/renderer.rs::the_graph_shader_is_valid_wgsl	340-352	fn the_graph_shader_is_valid_wgsl()	fn	tests		module src
403	sym:crates/gv-render/src/renderer.rs::a_linear_surface_format_is_preferred_over_an_srgb_one	a_linear_surface_format_is_preferred_over_an_srgb_one	sym	crates/gv-render/src/renderer.rs::a_linear_surface_format_is_preferred_over_an_srgb_one	355-366	fn a_linear_surface_format_is_preferred_over_an_srgb_one()	fn	tests		formats
404	sym:crates/gv-render/src/renderer.rs::an_srgb_only_surface_still_yields_a_format	an_srgb_only_surface_still_yields_a_format	sym	crates/gv-render/src/renderer.rs::an_srgb_only_surface_still_yields_a_format	369-376	fn an_srgb_only_surface_still_yields_a_format()	fn	tests		formats
405	sym:crates/gv-render/src/renderer.rs::the_choice_never_falls_through_to_a_format_needing_extra_features	the_choice_never_falls_through_to_a_format_needing_extra_features	sym	crates/gv-render/src/renderer.rs::the_choice_never_falls_through_to_a_format_needing_extra_features	379-392	fn the_choice_never_falls_through_to_a_format_needing_extra_features()	fn	tests		formats
406	sym:crates/gv-render/src/renderer.rs::vsync_maps_to_the_universally_supported_present_mode	vsync_maps_to_the_universally_supported_present_mode	sym	crates/gv-render/src/renderer.rs::vsync_maps_to_the_universally_supported_present_mode	395-397	fn vsync_maps_to_the_universally_supported_present_mode()	fn	tests		
407	sym:crates/gv-render/src/renderer.rs::disabling_vsync_selects_an_unthrottled_mode	disabling_vsync_selects_an_unthrottled_mode	sym	crates/gv-render/src/renderer.rs::disabling_vsync_selects_an_unthrottled_mode	400-402	fn disabling_vsync_selects_an_unthrottled_mode()	fn	tests		
408	sym:crates/gv-render/src/renderer.rs::clear_colour_is_normalised_from_the_gui_range	clear_colour_is_normalised_from_the_gui_range	sym	crates/gv-render/src/renderer.rs::clear_colour_is_normalised_from_the_gui_range	405-413	fn clear_colour_is_normalised_from_the_gui_range()	fn	tests		a b config g r
409	sym:crates/gv-render/src/renderer.rs::the_depth_format_is_one_every_backend_supports	the_depth_format_is_one_every_backend_supports	sym	crates/gv-render/src/renderer.rs::the_depth_format_is_one_every_backend_supports	416-418	fn the_depth_format_is_one_every_backend_supports()	fn	tests		
410	sym:crates/gv-render/src/renderer.rs::the_shader_compiles_and_both_pipelines_build	the_shader_compiles_and_both_pipelines_build	sym	crates/gv-render/src/renderer.rs::the_shader_compiles_and_both_pipelines_build	422-426	fn the_shader_compiles_and_both_pipelines_build()	fn	tests		
411	sym:crates/gv-render/src/nodes.rs::NodePipeline	NodePipeline	sym	crates/gv-render/src/nodes.rs::NodePipeline	13-15	pub struct NodePipeline	struct			
412	sym:crates/gv-render/src/nodes.rs::VERTICES_PER_NODE	VERTICES_PER_NODE	sym	crates/gv-render/src/nodes.rs::VERTICES_PER_NODE	22-22	pub const VERTICES_PER_NODE: u32 = 6;	const	impl NodePipeline	Vertices per node: two triangles. A triangle strip would be four, but a single strip draw would join consecutive nodes into one connected ribbon.	
413	sym:crates/gv-render/src/nodes.rs::new	new	sym	crates/gv-render/src/nodes.rs::new	24-69	pub fn new( device: &wgpu::Device, layout: &wgpu::PipelineLayout, shader: &wgpu::ShaderModule, format: wgpu::TextureFormat, ) -> Self	fn	impl NodePipeline		device format layout pipeline shader
414	sym:crates/gv-render/src/nodes.rs::vertex_count	vertex_count	sym	crates/gv-render/src/nodes.rs::vertex_count	72-74	pub fn vertex_count(node_count: u32) -> u32	fn	impl NodePipeline	Vertices to draw for `node_count` nodes.	node_count
415	sym:crates/gv-render/src/nodes.rs::point_diameter	point_diameter	sym	crates/gv-render/src/nodes.rs::point_diameter	82-87	pub fn point_diameter(size: f32, view_z: f32) -> f32	fn	impl NodePipeline	Screen-space diameter of a node, matching `circle.vert`'s `gl_PointSize = size * (500 / -modelViewPosition.z)`. `view_z` is the node's z in view space, which is negative in front of a right-handed camera. Behind or on the camera plane the sprite is degenerate, so this returns 0 and the shader culls it.	size view_z
416	sym:crates/gv-render/src/nodes.rs::each_node_becomes_two_triangles	each_node_becomes_two_triangles	sym	crates/gv-render/src/nodes.rs::each_node_becomes_two_triangles	95-98	fn each_node_becomes_two_triangles()	fn	tests		
417	sym:crates/gv-render/src/nodes.rs::point_size_matches_the_original_perspective_scale	point_size_matches_the_original_perspective_scale	sym	crates/gv-render/src/nodes.rs::point_size_matches_the_original_perspective_scale	101-104	fn point_size_matches_the_original_perspective_scale()	fn	tests		
418	sym:crates/gv-render/src/nodes.rs::point_size_grows_as_a_node_approaches_the_camera	point_size_grows_as_a_node_approaches_the_camera	sym	crates/gv-render/src/nodes.rs::point_size_grows_as_a_node_approaches_the_camera	107-111	fn point_size_grows_as_a_node_approaches_the_camera()	fn	tests		far near
419	sym:crates/gv-render/src/nodes.rs::nodes_at_or_behind_the_camera_plane_collapse	nodes_at_or_behind_the_camera_plane_collapse	sym	crates/gv-render/src/nodes.rs::nodes_at_or_behind_the_camera_plane_collapse	114-119	fn nodes_at_or_behind_the_camera_plane_collapse()	fn	tests		
420	sym:crates/gv-gpu/src/buffers.rs::GraphBuffers	GraphBuffers	sym	crates/gv-gpu/src/buffers.rs::GraphBuffers	17-30	pub struct GraphBuffers	struct		Every buffer the layout passes and the draw calls share. Replaces the original's three SSBOs at bindings 0, 8 and 11. The third of those — `edgeSsbo`, two duplicated `GraphicData` entries per edge, filled each step by a dedicated `lines` compute pass — is gone: the edge vertex shader indexes `nodes` through `edges` using `@builtin(vertex_index)` instead, which removes both the pass and `2 * edge_c…	
421	sym:crates/gv-gpu/src/buffers.rs::NODE_USAGE	NODE_USAGE	sym	crates/gv-gpu/src/buffers.rs::NODE_USAGE	38-41	pub const NODE_USAGE: wgpu::BufferUsages = wgpu::BufferUsages::STORAGE .union(wgpu::BufferUsages::VERTEX) .union(wgpu::BufferUsages::COPY_SRC) .union(wgpu::BufferUsages::COPY_DST);	const	impl GraphBuffers	Usages the node buffer must be created with. Named rather than inlined so the test below can assert on the property the whole no-copy design rests on: one allocation serves compute and drawing, so a layout step is visible to the next frame with no transfer.	
422	sym:crates/gv-gpu/src/buffers.rs::READ_ONLY_USAGE	READ_ONLY_USAGE	sym	crates/gv-gpu/src/buffers.rs::READ_ONLY_USAGE	44-44	pub const READ_ONLY_USAGE: wgpu::BufferUsages = wgpu::BufferUsages::STORAGE;	const	impl GraphBuffers	Usages for the immutable edge and CSR buffers.	
423	sym:crates/gv-gpu/src/buffers.rs::upload	upload	sym	crates/gv-gpu/src/buffers.rs::upload	47-97	pub fn upload(context: &GpuContext, graph: &GraphData) -> Result<Self>	fn	impl GraphBuffers	Uploads `graph` and allocates the layout scratch it needs.	context csr_neighbors csr_offsets device edges graph limits max_nodes nodes
424	sym:crates/gv-gpu/src/buffers.rs::write_nodes	write_nodes	sym	crates/gv-gpu/src/buffers.rs::write_nodes	102-109	pub fn write_nodes(&self, context: &GpuContext, nodes: &[Node])	fn	impl GraphBuffers	Overwrites the node buffer from host memory. The cost a CPU layout pays every step and a GPU layout does not.	context nodes
425	sym:crates/gv-gpu/src/buffers.rs::read_nodes	read_nodes	sym	crates/gv-gpu/src/buffers.rs::read_nodes	115-150	pub async fn read_nodes(&self, context: &GpuContext) -> Result<Vec<Node>>	fn	impl GraphBuffers	Reads the node array back to host memory. Used by the GPU-versus-CPU comparison in phase 3 and by headless runs; it stalls the pipeline, so it is not on the frame path.	bytes context encoder nodes receiver sender staging view
426	sym:crates/gv-gpu/src/buffers.rs::read_nodes_callback	read_nodes_callback	sym	crates/gv-gpu/src/buffers.rs::read_nodes_callback	157-191	pub fn read_nodes_callback( &self, context: &GpuContext, done: impl FnOnce(Vec<Node>) + Send + 'static, )	fn	impl GraphBuffers	Web: non-blocking node readback. [`read_nodes`](Self::read_nodes) blocks the device with `poll(wait_indefinitely)`, which the browser forbids; here the `map_async` callback (carrying no `Send` bound on wasm) delivers the pulled nodes once the browser resolves the mapping.	bytes context done encoder mapped nodes staging view
427	sym:crates/gv-gpu/src/buffers.rs::byte_size	byte_size	sym	crates/gv-gpu/src/buffers.rs::byte_size	194-199	pub fn byte_size(node_count: u64, edge_count: u64) -> u64	fn	impl GraphBuffers	Bytes the buffers will occupy for a graph of this shape.	edge_count node_count
428	sym:crates/gv-gpu/src/buffers.rs::pad	pad	sym	crates/gv-gpu/src/buffers.rs::pad	203-210	fn pad<T: bytemuck::Pod>(data: &[T], fallback: T) -> &[T]	fn		Borrows `data`, or a one-element slice of `fallback` when it is empty.	data fallback
429	sym:crates/gv-gpu/src/buffers.rs::the_node_buffer_is_both_storage_and_vertex	the_node_buffer_is_both_storage_and_vertex	sym	crates/gv-gpu/src/buffers.rs::the_node_buffer_is_both_storage_and_vertex	217-222	fn the_node_buffer_is_both_storage_and_vertex()	fn	tests		
430	sym:crates/gv-gpu/src/buffers.rs::read_only_buffers_are_not_writable_from_the_host	read_only_buffers_are_not_writable_from_the_host	sym	crates/gv-gpu/src/buffers.rs::read_only_buffers_are_not_writable_from_the_host	225-228	fn read_only_buffers_are_not_writable_from_the_host()	fn	tests		
431	sym:crates/gv-gpu/src/buffers.rs::byte_size_accounts_for_every_buffer	byte_size_accounts_for_every_buffer	sym	crates/gv-gpu/src/buffers.rs::byte_size_accounts_for_every_buffer	231-234	fn byte_size_accounts_for_every_buffer()	fn	tests		
432	sym:crates/gv-gpu/src/buffers.rs::dropping_the_lines_pass_saves_what_it_claims_to	dropping_the_lines_pass_saves_what_it_claims_to	sym	crates/gv-gpu/src/buffers.rs::dropping_the_lines_pass_saves_what_it_claims_to	237-243	fn dropping_the_lines_pass_saves_what_it_claims_to()	fn	tests		edges saved
433	sym:crates/gv-gpu/src/buffers.rs::padding_substitutes_a_single_element_for_an_empty_slice	padding_substitutes_a_single_element_for_an_empty_slice	sym	crates/gv-gpu/src/buffers.rs::padding_substitutes_a_single_element_for_an_empty_slice	246-251	fn padding_substitutes_a_single_element_for_an_empty_slice()	fn	tests		
434	sym:crates/gv-gpu/src/buffers.rs::upload_round_trips_node_state	upload_round_trips_node_state	sym	crates/gv-gpu/src/buffers.rs::upload_round_trips_node_state	255-262	fn upload_round_trips_node_state()	fn	tests		buffers context graph read_back
435	sym:crates/gv-gpu/src/buffers.rs::an_edgeless_graph_uploads	an_edgeless_graph_uploads	sym	crates/gv-gpu/src/buffers.rs::an_edgeless_graph_uploads	266-271	fn an_edgeless_graph_uploads()	fn	tests		buffers context graph
436	sym:crates/gv-gpu/src/context.rs::GpuContext	GpuContext	sym	crates/gv-gpu/src/context.rs::GpuContext	10-15	pub struct GpuContext	struct		The wgpu instance, adapter, device and queue, kept together and cloned cheaply into whatever needs them.	
437	sym:crates/gv-gpu/src/context.rs::new	new	sym	crates/gv-gpu/src/context.rs::new	22-26	pub async fn new(surface: Option<&wgpu::Surface<'_>>) -> Result<Self>	fn	impl GpuContext	Requests an adapter able to present to `surface`, then a device. Backend selection honours `WGPU_BACKEND`; on this project's aarch64 target the default resolves to Vulkan.	instance surface
438	sym:crates/gv-gpu/src/context.rs::from_instance	from_instance	sym	crates/gv-gpu/src/context.rs::from_instance	31-68	pub async fn from_instance( instance: wgpu::Instance, surface: Option<&wgpu::Surface<'_>>, ) -> Result<Self>	fn	impl GpuContext	As [`Self::new`], but reusing an instance that has already created a surface — an adapter must be requested from the same instance the surface came from.	adapter device info instance queue surface
439	sym:crates/gv-gpu/src/context.rs::limits	limits	sym	crates/gv-gpu/src/context.rs::limits	73-75	pub fn limits(&self) -> wgpu::Limits	fn	impl GpuContext	Limits the graph must fit inside — chiefly `max_storage_buffer_binding_size`, which caps how many nodes a single binding can hold and so caps graph size.	
440	sym:crates/gv-gpu/src/context.rs::max_nodes_for	max_nodes_for	sym	crates/gv-gpu/src/context.rs::max_nodes_for	82-84	pub fn max_nodes_for(limits: &wgpu::Limits) -> u64	fn	impl GpuContext	The largest graph a single storage binding can hold under `limits`. Pure arithmetic, so it is testable without an adapter — and it is the check that turns an opaque driver-side failure on a 500k-edge dataset into a message naming the limit that was exceeded.	limits
441	sym:crates/gv-gpu/src/context.rs::default_limits_admit_the_largest_bundled_dataset	default_limits_admit_the_largest_bundled_dataset	sym	crates/gv-gpu/src/context.rs::default_limits_admit_the_largest_bundled_dataset	92-101	fn default_limits_admit_the_largest_bundled_dataset()	fn	tests		limits neighbors_bytes
442	sym:crates/gv-gpu/src/context.rs::max_nodes_divides_the_binding_limit_by_the_node_size	max_nodes_divides_the_binding_limit_by_the_node_size	sym	crates/gv-gpu/src/context.rs::max_nodes_divides_the_binding_limit_by_the_node_size	104-110	fn max_nodes_divides_the_binding_limit_by_the_node_size()	fn	tests		limits
443	sym:crates/gv-gpu/src/context.rs::creates_a_device_without_a_surface	creates_a_device_without_a_surface	sym	crates/gv-gpu/src/context.rs::creates_a_device_without_a_surface	114-117	fn creates_a_device_without_a_surface()	fn	tests		context
444	sym:crates/rkg-ingest/src/symbols.rs::SymbolDef	SymbolDef	sym	crates/rkg-ingest/src/symbols.rs::SymbolDef	18-37	pub struct SymbolDef	struct		One definition found in a source file.	
445	sym:crates/rkg-ingest/src/symbols.rs::SymbolExtractor	SymbolExtractor	sym	crates/rkg-ingest/src/symbols.rs::SymbolExtractor	40-42	pub struct SymbolExtractor	struct		Owns one parser per language tag, reused across files.	
446	sym:crates/rkg-ingest/src/symbols.rs::new	new	sym	crates/rkg-ingest/src/symbols.rs::new	45-55	pub fn new() -> Result<Self>	fn	impl SymbolExtractor		parser parsers
447	sym:crates/rkg-ingest/src/symbols.rs::extract	extract	sym	crates/rkg-ingest/src/symbols.rs::extract	59-74	pub fn extract(&mut self, ext: &str, content: &str) -> Vec<SymbolDef>	fn	impl SymbolExtractor	Extracts the definitions from `content`, choosing the grammar by file extension via the registry. Unknown extensions yield an empty list.	Some content ext language out parser src tree
448	sym:crates/rkg-ingest/src/symbols.rs::collect	collect	sym	crates/rkg-ingest/src/symbols.rs::collect	78-88	fn collect(node: Node, spec: &SymbolSpec, src: &[u8], out: &mut Vec<SymbolDef>)	fn		Depth-first walk collecting every definition node under `node`.	cursor node out spec src
449	sym:crates/rkg-ingest/src/symbols.rs::symbol_name	symbol_name	sym	crates/rkg-ingest/src/symbols.rs::symbol_name	91-104	fn symbol_name<'t>(node: Node<'t>, spec: &SymbolSpec) -> Option<Node<'t>>	fn		The name node of `node` if it is a definition under `spec`, else `None`.	kind node spec value
450	sym:crates/rkg-ingest/src/symbols.rs::name_of	name_of	sym	crates/rkg-ingest/src/symbols.rs::name_of	109-125	fn name_of(node: Node) -> Option<Node>	fn		A definition's name node: the `name` field when present, otherwise the innermost identifier reached by descending `declarator` fields (C/C++ have no `name` field — the name is nested in the declarator).	cur node
451	sym:crates/rkg-ingest/src/symbols.rs::last_identifier	last_identifier	sym	crates/rkg-ingest/src/symbols.rs::last_identifier	127-132	fn last_identifier(node: Node) -> Option<Node>	fn			cursor node
452	sym:crates/rkg-ingest/src/symbols.rs::build_symbol	build_symbol	sym	crates/rkg-ingest/src/symbols.rs::build_symbol	134-151	fn build_symbol(node: Node, name: &str, spec: &SymbolSpec, src: &[u8]) -> SymbolDef	fn			name node refs spec src
453	sym:crates/rkg-ingest/src/symbols.rs::collect_locals	collect_locals	sym	crates/rkg-ingest/src/symbols.rs::collect_locals	156-167	fn collect_locals(node: Node, spec: &SymbolSpec, src: &[u8], own: &str) -> Vec<String>	fn		The variable names bound in `node`'s own scope: its parameters plus the local variables it declares. Does not descend into nested definitions, so a function's locals don't leak in from an inner function/class.	names node own set spec src
454	sym:crates/rkg-ingest/src/symbols.rs::walk_locals	walk_locals	sym	crates/rkg-ingest/src/symbols.rs::walk_locals	169-183	fn walk_locals(node: Node, spec: &SymbolSpec, src: &[u8], set: &mut HashSet<String>, is_root: bool)	fn			cursor is_root node set spec src
455	sym:crates/rkg-ingest/src/symbols.rs::find_params	find_params	sym	crates/rkg-ingest/src/symbols.rs::find_params	187-205	fn find_params(node: Node) -> Option<Node>	fn		The parameter-list node of a definition, if any — a `parameters` field, the list inside a C/C++ `function_declarator`, or an unfielded child list (Kotlin).	cur cursor node
456	sym:crates/rkg-ingest/src/symbols.rs::collect_param_names	collect_param_names	sym	crates/rkg-ingest/src/symbols.rs::collect_param_names	207-219	fn collect_param_names(params: Node, src: &[u8], set: &mut HashSet<String>)	fn			cursor params set src
457	sym:crates/rkg-ingest/src/symbols.rs::binding_names	binding_names	sym	crates/rkg-ingest/src/symbols.rs::binding_names	224-251	fn binding_names(node: Node, src: &[u8], set: &mut HashSet<String>)	fn		Extracts the declared name(s) of a binding node (a local declaration or a parameter), handling `name`/`pattern`/`left` fields, C declarator descent, and grammars that keep the name as a bare identifier child.	cur cursor descended node set src
458	sym:crates/rkg-ingest/src/symbols.rs::collect_pattern_idents	collect_pattern_idents	sym	crates/rkg-ingest/src/symbols.rs::collect_pattern_idents	254-262	fn collect_pattern_idents(node: Node, src: &[u8], set: &mut HashSet<String>)	fn		Collects every `identifier` under a pattern (handles tuple/list destructuring).	cursor node set src
459	sym:crates/rkg-ingest/src/symbols.rs::push_ident	push_ident	sym	crates/rkg-ingest/src/symbols.rs::push_ident	264-271	fn push_ident(node: Node, src: &[u8], set: &mut HashSet<String>)	fn			node set src
460	sym:crates/rkg-ingest/src/symbols.rs::kind_label	kind_label	sym	crates/rkg-ingest/src/symbols.rs::kind_label	275-297	fn kind_label(node_kind: &str) -> &'static str	fn		A short, friendly label for a definition's grammar node kind, across all supported languages (kinds don't collide in meaning between grammars).	node_kind
461	sym:crates/rkg-ingest/src/symbols.rs::BODY_KINDS	BODY_KINDS	sym	crates/rkg-ingest/src/symbols.rs::BODY_KINDS	301-304	const BODY_KINDS: &[&str] = &[ "block", "function_body", "compound_statement", "declaration_list", "class_body", "field_declaration_list", "interface_body", "enum_body", "enumerator_list", ];	const		Body-block node kinds, so `signature_text` can stop at the body even when the grammar doesn't expose it as a `body` field (e.g. Kotlin).	
462	sym:crates/rkg-ingest/src/symbols.rs::signature_text	signature_text	sym	crates/rkg-ingest/src/symbols.rs::signature_text	307-314	fn signature_text(node: Node, src: &[u8]) -> String	fn		The declaration text up to (but excluding) the body, collapsed to one line.	collapsed end node raw src start trimmed
463	sym:crates/rkg-ingest/src/symbols.rs::body_start	body_start	sym	crates/rkg-ingest/src/symbols.rs::body_start	316-324	fn body_start(node: Node) -> Option<usize>	fn			cursor node
464	sym:crates/rkg-ingest/src/symbols.rs::doc_of	doc_of	sym	crates/rkg-ingest/src/symbols.rs::doc_of	326-332	fn doc_of(node: Node, src: &[u8], strategy: &DocStrategy) -> Option<String>	fn			node src strategy
465	sym:crates/rkg-ingest/src/symbols.rs::COMMENT_KINDS	COMMENT_KINDS	sym	crates/rkg-ingest/src/symbols.rs::COMMENT_KINDS	335-335	const COMMENT_KINDS: &[&str] = &["comment", "line_comment", "block_comment"];	const		Comment node kinds across grammars (a kind a grammar lacks simply never matches).	
466	sym:crates/rkg-ingest/src/symbols.rs::line_comment_doc	line_comment_doc	sym	crates/rkg-ingest/src/symbols.rs::line_comment_doc	339-366	fn line_comment_doc(node: Node, src: &[u8], prefixes: &[&str]) -> Option<String>	fn		Leading doc comment: contiguous preceding comment siblings whose text starts with a doc prefix, cleaned and joined. Attributes/annotations are stepped over.	chunks kind node prefixes sibling src text
467	sym:crates/rkg-ingest/src/symbols.rs::docstring_of	docstring_of	sym	crates/rkg-ingest/src/symbols.rs::docstring_of	369-394	fn docstring_of(node: Node, src: &[u8]) -> Option<String>	fn		Python docstring: the first string-literal statement inside the body.	body content cursor first node src string
468	sym:crates/rkg-ingest/src/symbols.rs::container_of	container_of	sym	crates/rkg-ingest/src/symbols.rs::container_of	397-419	fn container_of(node: Node, src: &[u8], spec: &SymbolSpec) -> Option<String>	fn		The nearest enclosing definition's descriptor, walking up from `node`.	current kind node spec src ty
469	sym:crates/rkg-ingest/src/symbols.rs::gather_refs	gather_refs	sym	crates/rkg-ingest/src/symbols.rs::gather_refs	422-443	fn gather_refs( node: Node, spec: &SymbolSpec, src: &[u8], own: &str, out: &mut std::collections::HashSet<String>, )	fn		Collects identifier texts inside `node`, excluding the symbol's own name.	cursor node out own spec src
470	sym:crates/rkg-ingest/src/symbols.rs::clean_doc	clean_doc	sym	crates/rkg-ingest/src/symbols.rs::clean_doc	446-461	fn clean_doc(text: &str) -> String	fn		Strips comment markers (`/**`, `///`, `//!`, `//`, `*`, `*/`) from each line.	text
471	sym:crates/rkg-ingest/src/symbols.rs::collapse_ws	collapse_ws	sym	crates/rkg-ingest/src/symbols.rs::collapse_ws	463-465	fn collapse_ws(s: &str) -> String	fn			s
472	sym:crates/rkg-ingest/src/symbols.rs::truncate	truncate	sym	crates/rkg-ingest/src/symbols.rs::truncate	467-473	fn truncate(s: &str, max: usize) -> String	fn			cut max s
473	sym:crates/rkg-ingest/src/symbols.rs::names	names	sym	crates/rkg-ingest/src/symbols.rs::names	479-481	fn names(symbols: &[SymbolDef]) -> Vec<&str>	fn	tests		symbols
474	sym:crates/rkg-ingest/src/symbols.rs::find	find	sym	crates/rkg-ingest/src/symbols.rs::find	483-485	fn find<'a>(symbols: &'a [SymbolDef], name: &str) -> &'a SymbolDef	fn	tests		name symbols
475	sym:crates/rkg-ingest/src/symbols.rs::extracts_rust_functions_structs_and_methods	extracts_rust_functions_structs_and_methods	sym	crates/rkg-ingest/src/symbols.rs::extracts_rust_functions_structs_and_methods	488-507	fn extracts_rust_functions_structs_and_methods()	fn	tests		build ex src syms
476	sym:crates/rkg-ingest/src/symbols.rs::extracts_js_arrow_consts_and_ts_interfaces	extracts_js_arrow_consts_and_ts_interfaces	sym	crates/rkg-ingest/src/symbols.rs::extracts_js_arrow_consts_and_ts_interfaces	510-518	fn extracts_js_arrow_consts_and_ts_interfaces()	fn	tests		ex js js_syms ts ts_syms
477	sym:crates/rkg-ingest/src/symbols.rs::extracts_python_functions_classes_and_docstrings	extracts_python_functions_classes_and_docstrings	sym	crates/rkg-ingest/src/symbols.rs::extracts_python_functions_classes_and_docstrings	521-539	fn extracts_python_functions_classes_and_docstrings()	fn	tests		ex parse src syms
478	sym:crates/rkg-ingest/src/symbols.rs::extracts_c_functions_and_structs_without_a_name_field	extracts_c_functions_and_structs_without_a_name_field	sym	crates/rkg-ingest/src/symbols.rs::extracts_c_functions_and_structs_without_a_name_field	542-549	fn extracts_c_functions_and_structs_without_a_name_field()	fn	tests		add ex src syms
479	sym:crates/rkg-ingest/src/symbols.rs::extracts_cpp_classes_methods_and_namespaces	extracts_cpp_classes_methods_and_namespaces	sym	crates/rkg-ingest/src/symbols.rs::extracts_cpp_classes_methods_and_namespaces	552-558	fn extracts_cpp_classes_methods_and_namespaces()	fn	tests		ex src syms
480	sym:crates/rkg-ingest/src/symbols.rs::extracts_java_classes_methods_and_docs	extracts_java_classes_methods_and_docs	sym	crates/rkg-ingest/src/symbols.rs::extracts_java_classes_methods_and_docs	561-570	fn extracts_java_classes_methods_and_docs()	fn	tests		ex src syms
481	sym:crates/rkg-ingest/src/symbols.rs::extracts_kotlin_functions_and_classes	extracts_kotlin_functions_and_classes	sym	crates/rkg-ingest/src/symbols.rs::extracts_kotlin_functions_and_classes	573-582	fn extracts_kotlin_functions_and_classes()	fn	tests		ex parse src syms
482	sym:crates/rkg-ingest/src/symbols.rs::extracts_csharp_classes_and_methods	extracts_csharp_classes_and_methods	sym	crates/rkg-ingest/src/symbols.rs::extracts_csharp_classes_and_methods	585-593	fn extracts_csharp_classes_and_methods()	fn	tests		ex src syms
483	sym:crates/rkg-ingest/src/symbols.rs::captures_scope_locals_params_and_declarations	captures_scope_locals_params_and_declarations	sym	crates/rkg-ingest/src/symbols.rs::captures_scope_locals_params_and_declarations	596-613	fn captures_scope_locals_params_and_declarations()	fn	tests		count ex src syms
484	sym:crates/rkg-ingest/src/symbols.rs::captures_python_and_js_locals	captures_python_and_js_locals	sym	crates/rkg-ingest/src/symbols.rs::captures_python_and_js_locals	616-625	fn captures_python_and_js_locals()	fn	tests		ex f g js py
485	sym:crates/rkg-ingest/src/symbols.rs::references_link_within_a_file	references_link_within_a_file	sym	crates/rkg-ingest/src/symbols.rs::references_link_within_a_file	628-632	fn references_link_within_a_file()	fn	tests		ex syms
486	sym:crates/rkg-ingest/src/symbols.rs::unknown_extension_yields_nothing	unknown_extension_yields_nothing	sym	crates/rkg-ingest/src/symbols.rs::unknown_extension_yields_nothing	635-638	fn unknown_extension_yields_nothing()	fn	tests		ex
487	sym:crates/rkg-ingest/src/lib.rs::kind_for	kind_for	sym	crates/rkg-ingest/src/lib.rs::kind_for	36-41	fn kind_for(ext: &str) -> NodeKind	fn		Node kind for a file by extension: markdown is a `Doc`, everything else a `File`.	ext
488	sym:crates/rkg-ingest/src/lib.rs::extension	extension	sym	crates/rkg-ingest/src/lib.rs::extension	43-48	fn extension(rel: &str) -> &str	fn			rel
489	sym:crates/rkg-ingest/src/lib.rs::file_name	file_name	sym	crates/rkg-ingest/src/lib.rs::file_name	50-52	fn file_name(rel: &str) -> &str	fn			rel
490	sym:crates/rkg-ingest/src/lib.rs::build_graph	build_graph	sym	crates/rkg-ingest/src/lib.rs::build_graph	55-126	pub fn build_graph(root: impl AsRef<Path>) -> Result<Graph>	fn		Builds the knowledge graph for the repository rooted at `root`.	Ok Some abs bytes content edges entry ext extractor files graph is_dir kind name node nodes rel resolver root root_name syms
491	sym:crates/rkg-ingest/src/lib.rs::add_file_symbols	add_file_symbols	sym	crates/rkg-ingest/src/lib.rs::add_file_symbols	131-180	fn add_file_symbols( graph: &mut Graph, rel: &str, lang: Option<&'static str>, symbols: Vec<SymbolDef>, )	fn		Adds `Symbol` nodes for one file's definitions, a `Defines` edge from the file to each, and `References` edges between symbols that mention one another within the same file (a conservative, no-false-cross-file call graph).	base created file_id graph id lang name_to_id node rel symbols
492	sym:crates/rkg-ingest/src/lib.rs::add_contains	add_contains	sym	crates/rkg-ingest/src/lib.rs::add_contains	183-190	fn add_contains(graph: &mut Graph, rel: &str)	fn		Adds a `Contains` edge from `rel`'s parent directory to `rel`.	child graph parent parent_id rel
493	sym:crates/rkg-ingest/src/lib.rs::node_id_of	node_id_of	sym	crates/rkg-ingest/src/lib.rs::node_id_of	193-201	fn node_id_of(graph: &Graph, rel: &str) -> String	fn		Finds the id a just-added node got (dir or file/doc) for `rel`.	graph id rel
494	sym:crates/rkg-ingest/src/lib.rs::scratch_repo	scratch_repo	sym	crates/rkg-ingest/src/lib.rs::scratch_repo	209-224	fn scratch_repo(files: &[(&str, &str)]) -> std::path::PathBuf	fn	tests	Writes a throwaway repo tree and returns its root.	abs files root
495	sym:crates/rkg-ingest/src/lib.rs::COUNTER	COUNTER	sym	crates/rkg-ingest/src/lib.rs::COUNTER	211-211	static COUNTER: AtomicUsize = AtomicUsize::new(0);	static	tests		
496	sym:crates/rkg-ingest/src/lib.rs::builds_skeleton_with_contains_edges	builds_skeleton_with_contains_edges	sym	crates/rkg-ingest/src/lib.rs::builds_skeleton_with_contains_edges	227-241	fn builds_skeleton_with_contains_edges()	fn	tests		g root
497	sym:crates/rkg-ingest/src/lib.rs::rust_mod_and_use_edges	rust_mod_and_use_edges	sym	crates/rkg-ingest/src/lib.rs::rust_mod_and_use_edges	244-261	fn rust_mod_and_use_edges()	fn	tests		g root
498	sym:crates/rkg-ingest/src/lib.rs::symbols_become_nodes_with_defines_and_references	symbols_become_nodes_with_defines_and_references	sym	crates/rkg-ingest/src/lib.rs::symbols_become_nodes_with_defines_and_references	264-284	fn symbols_become_nodes_with_defines_and_references()	fn	tests		g root
499	sym:crates/rkg-ingest/src/lib.rs::polyglot_symbols_and_imports	polyglot_symbols_and_imports	sym	crates/rkg-ingest/src/lib.rs::polyglot_symbols_and_imports	287-317	fn polyglot_symbols_and_imports()	fn	tests		g root
500	sym:crates/rkg-ingest/src/lib.rs::markdown_sections_and_links	markdown_sections_and_links	sym	crates/rkg-ingest/src/lib.rs::markdown_sections_and_links	320-333	fn markdown_sections_and_links()	fn	tests		g root
501	sym:crates/rkg-ingest/src/resolver.rs::Resolver	Resolver	sym	crates/rkg-ingest/src/resolver.rs::Resolver	10-12	pub struct Resolver	struct		The set of ingested files and the kind each was classified as.	
502	sym:crates/rkg-ingest/src/resolver.rs::new	new	sym	crates/rkg-ingest/src/resolver.rs::new	15-17	pub fn new() -> Self	fn	impl Resolver		
503	sym:crates/rkg-ingest/src/resolver.rs::insert	insert	sym	crates/rkg-ingest/src/resolver.rs::insert	19-21	pub fn insert(&mut self, rel: &str, kind: NodeKind)	fn	impl Resolver		kind rel
504	sym:crates/rkg-ingest/src/resolver.rs::node_id	node_id	sym	crates/rkg-ingest/src/resolver.rs::node_id	24-28	pub fn node_id(&self, rel: &str) -> Option<NodeId>	fn	impl Resolver	Node id for an exact repo-relative path, or `None` if no such file exists.	rel
505	sym:crates/rkg-ingest/src/resolver.rs::resolve_with_suffixes	resolve_with_suffixes	sym	crates/rkg-ingest/src/resolver.rs::resolve_with_suffixes	33-41	pub fn resolve_with_suffixes(&self, base: &str, suffixes: &[&str]) -> Option<NodeId>	fn	impl Resolver	Resolves `base` against a list of suffix candidates (e.g. extensions or `index` files), returning the first that exists. `base` is already the path stem to which each candidate is appended.	base candidate suffixes
506	sym:crates/rkg-ingest/src/resolver.rs::resolve_suffix_path	resolve_suffix_path	sym	crates/rkg-ingest/src/resolver.rs::resolve_suffix_path	47-54	pub fn resolve_suffix_path(&self, suffix: &str) -> Option<NodeId>	fn	impl Resolver	Finds a file whose repo-relative path is `suffix` or ends with `/suffix`, preferring the shortest (closest to the repo root). Used for Java/Kotlin/C# dotted imports (`a.b.C` → a file ending `a/b/C.java`), where the source root is unknown so an exact path can't be formed.	suffix tail
507	sym:crates/rkg-ingest/src/lang/csharp.rs::extract	extract	sym	crates/rkg-ingest/src/lang/csharp.rs::extract	13-15	pub fn extract(content: &str, rel: &str, resolver: &Resolver) -> Vec<Edge>	fn		Extracts `Imports` edges from one C# file at `rel`.	content rel resolver
508	sym:crates/rkg-ingest/src/lang/csharp.rs::resolver	resolver	sym	crates/rkg-ingest/src/lang/csharp.rs::resolver	22-28	fn resolver(files: &[&str]) -> Resolver	fn	tests		files r
509	sym:crates/rkg-ingest/src/lang/csharp.rs::using_resolves_when_folders_mirror_the_namespace	using_resolves_when_folders_mirror_the_namespace	sym	crates/rkg-ingest/src/lang/csharp.rs::using_resolves_when_folders_mirror_the_namespace	31-35	fn using_resolves_when_folders_mirror_the_namespace()	fn	tests		edges r
510	sym:crates/rkg-ingest/src/lang/csharp.rs::using_alias_keeps_the_qualified_name	using_alias_keeps_the_qualified_name	sym	crates/rkg-ingest/src/lang/csharp.rs::using_alias_keeps_the_qualified_name	38-42	fn using_alias_keeps_the_qualified_name()	fn	tests		edges r
511	sym:crates/rkg-ingest/src/lang/csharp.rs::using_statement_is_skipped	using_statement_is_skipped	sym	crates/rkg-ingest/src/lang/csharp.rs::using_statement_is_skipped	45-48	fn using_statement_is_skipped()	fn	tests		r
512	sym:crates/rkg-ingest/src/lang/markdown.rs::extract	extract	sym	crates/rkg-ingest/src/lang/markdown.rs::extract	10-56	pub fn extract(content: &str, rel: &str, resolver: &Resolver) -> (Vec<Node>, Vec<Edge>)	fn		Extracts `(section nodes, edges)` for one markdown document at `rel`.	base clean content dir doc_id edges in_fence line node nodes path rel resolver sec_id slug
513	sym:crates/rkg-ingest/src/lang/markdown.rs::heading	heading	sym	crates/rkg-ingest/src/lang/markdown.rs::heading	59-69	fn heading(line: &str) -> Option<&str>	fn		The text of an ATX heading (`#`..`######` followed by a space), or `None`.	hashes line rest trimmed
514	sym:crates/rkg-ingest/src/lang/markdown.rs::slugify	slugify	sym	crates/rkg-ingest/src/lang/markdown.rs::slugify	72-83	fn slugify(text: &str) -> String	fn		GitHub-style anchor slug: lowercase, spaces to hyphens, drop other punctuation.	out text
515	sym:crates/rkg-ingest/src/lang/markdown.rs::link_targets	link_targets	sym	crates/rkg-ingest/src/lang/markdown.rs::link_targets	86-108	fn link_targets(line: &str) -> Vec<String>	fn		Link targets on a line: for every `](target)` the `target` up to whitespace.	bytes i inside line out start target
516	sym:crates/rkg-ingest/src/lang/markdown.rs::is_external	is_external	sym	crates/rkg-ingest/src/lang/markdown.rs::is_external	110-116	fn is_external(target: &str) -> bool	fn			t target
517	sym:crates/rkg-ingest/src/lang/markdown.rs::resolver	resolver	sym	crates/rkg-ingest/src/lang/markdown.rs::resolver	122-128	fn resolver(files: &[(&str, NodeKind)]) -> Resolver	fn	tests		files r
518	sym:crates/rkg-ingest/src/lang/markdown.rs::headings_become_sections	headings_become_sections	sym	crates/rkg-ingest/src/lang/markdown.rs::headings_become_sections	131-138	fn headings_become_sections()	fn	tests		edges nodes r
519	sym:crates/rkg-ingest/src/lang/markdown.rs::links_to_repo_files_resolve	links_to_repo_files_resolve	sym	crates/rkg-ingest/src/lang/markdown.rs::links_to_repo_files_resolve	141-152	fn links_to_repo_files_resolve()	fn	tests		edges links r
520	sym:crates/rkg-ingest/src/lang/markdown.rs::external_and_anchor_links_ignored	external_and_anchor_links_ignored	sym	crates/rkg-ingest/src/lang/markdown.rs::external_and_anchor_links_ignored	155-163	fn external_and_anchor_links_ignored()	fn	tests		edges r
521	sym:crates/rkg-ingest/src/lang/markdown.rs::headings_in_code_fences_are_skipped	headings_in_code_fences_are_skipped	sym	crates/rkg-ingest/src/lang/markdown.rs::headings_in_code_fences_are_skipped	166-171	fn headings_in_code_fences_are_skipped()	fn	tests		nodes r
522	sym:crates/rkg-ingest/src/lang/java.rs::extract	extract	sym	crates/rkg-ingest/src/lang/java.rs::extract	11-13	pub fn extract(content: &str, rel: &str, resolver: &Resolver) -> Vec<Edge>	fn		Extracts `Imports` edges from one Java file at `rel`.	content rel resolver
523	sym:crates/rkg-ingest/src/lang/java.rs::dotted_import_edges	dotted_import_edges	sym	crates/rkg-ingest/src/lang/java.rs::dotted_import_edges	18-59	pub(crate) fn dotted_import_edges( content: &str, rel: &str, resolver: &Resolver, keyword: &str, terminator: &str, ext: &str, ) -> Vec<Edge>	fn		Shared driver for `import a.b.C` style imports (Java/Kotlin/C#). Strips the keyword and an optional terminator, drops `static`/aliases/wildcards, and suffix-matches the dotted path to a `<path>.<ext>` file.	Some content edges ext from keyword line rel resolver rest suffix terminator
524	sym:crates/rkg-ingest/src/lang/java.rs::resolver	resolver	sym	crates/rkg-ingest/src/lang/java.rs::resolver	66-72	fn resolver(files: &[&str]) -> Resolver	fn	tests		files r
525	sym:crates/rkg-ingest/src/lang/java.rs::import_resolves_by_package_path_suffix	import_resolves_by_package_path_suffix	sym	crates/rkg-ingest/src/lang/java.rs::import_resolves_by_package_path_suffix	75-86	fn import_resolves_by_package_path_suffix()	fn	tests		edges r
526	sym:crates/rkg-ingest/src/lang/java.rs::static_import_resolves_to_the_class	static_import_resolves_to_the_class	sym	crates/rkg-ingest/src/lang/java.rs::static_import_resolves_to_the_class	89-95	fn static_import_resolves_to_the_class()	fn	tests		edges r
527	sym:crates/rkg-ingest/src/lang/java.rs::wildcard_import_is_skipped	wildcard_import_is_skipped	sym	crates/rkg-ingest/src/lang/java.rs::wildcard_import_is_skipped	98-101	fn wildcard_import_is_skipped()	fn	tests		r
528	sym:crates/rkg-ingest/src/lang/c.rs::extract	extract	sym	crates/rkg-ingest/src/lang/c.rs::extract	12-47	pub fn extract(content: &str, rel: &str, resolver: &Resolver) -> Vec<Edge>	fn		Extracts `Imports` edges from one C/C++ file at `rel`.	Some content dir edges from inner line rel relative resolver rest target
529	sym:crates/rkg-ingest/src/lang/c.rs::resolver	resolver	sym	crates/rkg-ingest/src/lang/c.rs::resolver	54-60	fn resolver(files: &[&str]) -> Resolver	fn	tests		files r
530	sym:crates/rkg-ingest/src/lang/c.rs::local_include_resolves_relative_to_the_file	local_include_resolves_relative_to_the_file	sym	crates/rkg-ingest/src/lang/c.rs::local_include_resolves_relative_to_the_file	63-67	fn local_include_resolves_relative_to_the_file()	fn	tests		edges r
531	sym:crates/rkg-ingest/src/lang/c.rs::include_falls_back_to_suffix_match	include_falls_back_to_suffix_match	sym	crates/rkg-ingest/src/lang/c.rs::include_falls_back_to_suffix_match	70-74	fn include_falls_back_to_suffix_match()	fn	tests		edges r
532	sym:crates/rkg-ingest/src/lang/c.rs::system_include_is_skipped	system_include_is_skipped	sym	crates/rkg-ingest/src/lang/c.rs::system_include_is_skipped	77-80	fn system_include_is_skipped()	fn	tests		r
533	sym:crates/rkg-ingest/src/lang/c.rs::spacing_variations_still_parse	spacing_variations_still_parse	sym	crates/rkg-ingest/src/lang/c.rs::spacing_variations_still_parse	83-87	fn spacing_variations_still_parse()	fn	tests		edges r
534	sym:crates/rkg-ingest/src/lang/kotlin.rs::extract	extract	sym	crates/rkg-ingest/src/lang/kotlin.rs::extract	12-15	pub fn extract(content: &str, rel: &str, resolver: &Resolver) -> Vec<Edge>	fn		Extracts `Imports` edges from one Kotlin file at `rel`.	content rel resolver
535	sym:crates/rkg-ingest/src/lang/kotlin.rs::resolver	resolver	sym	crates/rkg-ingest/src/lang/kotlin.rs::resolver	22-28	fn resolver(files: &[&str]) -> Resolver	fn	tests		files r
536	sym:crates/rkg-ingest/src/lang/kotlin.rs::import_resolves_by_path_suffix	import_resolves_by_path_suffix	sym	crates/rkg-ingest/src/lang/kotlin.rs::import_resolves_by_path_suffix	31-35	fn import_resolves_by_path_suffix()	fn	tests		edges r
537	sym:crates/rkg-ingest/src/lang/kotlin.rs::aliased_import_still_resolves	aliased_import_still_resolves	sym	crates/rkg-ingest/src/lang/kotlin.rs::aliased_import_still_resolves	38-42	fn aliased_import_still_resolves()	fn	tests		edges r
538	sym:crates/rkg-ingest/src/lang/kotlin.rs::wildcard_is_skipped	wildcard_is_skipped	sym	crates/rkg-ingest/src/lang/kotlin.rs::wildcard_is_skipped	45-48	fn wildcard_is_skipped()	fn	tests		r
539	sym:crates/rkg-ingest/src/lang/js.rs::SUFFIXES	SUFFIXES	sym	crates/rkg-ingest/src/lang/js.rs::SUFFIXES	11-14	const SUFFIXES: &[&str] = &[ "", ".ts", ".tsx", ".js", ".jsx", ".mjs", ".cjs", "/index.ts", "/index.tsx", "/index.js", "/index.jsx", ];	const		Suffix candidates tried, in order, when resolving a relative specifier.	
540	sym:crates/rkg-ingest/src/lang/js.rs::extract	extract	sym	crates/rkg-ingest/src/lang/js.rs::extract	17-40	pub fn extract(content: &str, rel: &str, resolver: &Resolver) -> Vec<Edge>	fn		Extracts `Imports` edges out of one JS/TS source file at `rel`.	base content dir edges from line rel resolver
541	sym:crates/rkg-ingest/src/lang/js.rs::specifiers	specifiers	sym	crates/rkg-ingest/src/lang/js.rs::specifiers	43-60	fn specifiers(line: &str) -> Vec<String>	fn		Module specifiers referenced on one line (usually zero or one).	line out
542	sym:crates/rkg-ingest/src/lang/js.rs::quoted_after	quoted_after	sym	crates/rkg-ingest/src/lang/js.rs::quoted_after	63-66	fn quoted_after(line: &str, marker: &str) -> Option<String>	fn		The string literal immediately following the first occurrence of `marker`.	idx line marker
543	sym:crates/rkg-ingest/src/lang/js.rs::leading_quoted	leading_quoted	sym	crates/rkg-ingest/src/lang/js.rs::leading_quoted	69-77	fn leading_quoted(s: &str) -> Option<String>	fn		A leading `'…'`, `"…"`, or `` `…` `` literal at the start of `s`.	end quote rest s
544	sym:crates/rkg-ingest/src/lang/js.rs::is_relative	is_relative	sym	crates/rkg-ingest/src/lang/js.rs::is_relative	79-81	fn is_relative(spec: &str) -> bool	fn			spec
545	sym:crates/rkg-ingest/src/lang/js.rs::resolver	resolver	sym	crates/rkg-ingest/src/lang/js.rs::resolver	88-94	fn resolver(files: &[&str]) -> Resolver	fn	tests		files r
546	sym:crates/rkg-ingest/src/lang/js.rs::import_from_relative_resolves_with_extension_guess	import_from_relative_resolves_with_extension_guess	sym	crates/rkg-ingest/src/lang/js.rs::import_from_relative_resolves_with_extension_guess	97-101	fn import_from_relative_resolves_with_extension_guess()	fn	tests		edges r
547	sym:crates/rkg-ingest/src/lang/js.rs::import_resolves_index_file	import_resolves_index_file	sym	crates/rkg-ingest/src/lang/js.rs::import_resolves_index_file	104-108	fn import_resolves_index_file()	fn	tests		edges r
548	sym:crates/rkg-ingest/src/lang/js.rs::require_and_parent_dir	require_and_parent_dir	sym	crates/rkg-ingest/src/lang/js.rs::require_and_parent_dir	111-115	fn require_and_parent_dir()	fn	tests		edges r
549	sym:crates/rkg-ingest/src/lang/js.rs::bare_specifier_is_ignored	bare_specifier_is_ignored	sym	crates/rkg-ingest/src/lang/js.rs::bare_specifier_is_ignored	118-122	fn bare_specifier_is_ignored()	fn	tests		edges r
550	sym:crates/rkg-ingest/src/lang/js.rs::side_effect_import	side_effect_import	sym	crates/rkg-ingest/src/lang/js.rs::side_effect_import	125-129	fn side_effect_import()	fn	tests		edges r
551	sym:crates/rkg-ingest/src/lang/rust.rs::extract	extract	sym	crates/rkg-ingest/src/lang/rust.rs::extract	11-31	pub fn extract(content: &str, rel: &str, resolver: &Resolver) -> Vec<Edge>	fn		Extracts `Imports` edges out of one Rust source file at `rel`.	content edges from line rel resolver src_dir
552	sym:crates/rkg-ingest/src/lang/rust.rs::mod_name	mod_name	sym	crates/rkg-ingest/src/lang/rust.rs::mod_name	34-46	fn mod_name(line: &str) -> Option<&str>	fn		The module name in a `mod foo;` / `pub mod foo;` declaration (not `mod foo {`).	line name rest
553	sym:crates/rkg-ingest/src/lang/rust.rs::resolve_mod	resolve_mod	sym	crates/rkg-ingest/src/lang/rust.rs::resolve_mod	49-61	fn resolve_mod(rel: &str, name: &str, resolver: &Resolver) -> Option<String>	fn		Resolves `mod name;` within `rel` to a module file, per Rust 2018 layout.	base_dir flat name parent_dir rel resolver stem
554	sym:crates/rkg-ingest/src/lang/rust.rs::use_crate_target	use_crate_target	sym	crates/rkg-ingest/src/lang/rust.rs::use_crate_target	65-90	fn use_crate_target(line: &str, src_dir: Option<&str>, resolver: &Resolver) -> Option<String>	fn		For a `use crate::…` line, the file it should point at: a top-level module file if the first segment names one, else the crate root (`lib.rs`/`main.rs`).	after first line module resolver root seg src_dir
555	sym:crates/rkg-ingest/src/lang/rust.rs::use_body	use_body	sym	crates/rkg-ingest/src/lang/rust.rs::use_body	93-99	fn use_body(line: &str) -> Option<&str>	fn		The path body of a `use …;` statement (handles a leading `pub`).	line rest
556	sym:crates/rkg-ingest/src/lang/rust.rs::crate_src_dir	crate_src_dir	sym	crates/rkg-ingest/src/lang/rust.rs::crate_src_dir	103-107	fn crate_src_dir(rel: &str) -> Option<String>	fn		The nearest ancestor `src` directory of `rel`, e.g. `crates/x/src/a.rs` → `crates/x/src`. `None` when the file lives outside any `src` tree.	idx parts rel
557	sym:crates/rkg-ingest/src/lang/rust.rs::file_stem	file_stem	sym	crates/rkg-ingest/src/lang/rust.rs::file_stem	109-112	fn file_stem(rel: &str) -> &str	fn			name rel
558	sym:crates/rkg-ingest/src/lang/rust.rs::is_ident	is_ident	sym	crates/rkg-ingest/src/lang/rust.rs::is_ident	114-116	fn is_ident(s: &str) -> bool	fn			s
559	sym:crates/rkg-ingest/src/lang/rust.rs::resolver	resolver	sym	crates/rkg-ingest/src/lang/rust.rs::resolver	123-129	fn resolver(files: &[&str]) -> Resolver	fn	tests		files r
560	sym:crates/rkg-ingest/src/lang/rust.rs::mod_declaration_resolves_to_flat_file	mod_declaration_resolves_to_flat_file	sym	crates/rkg-ingest/src/lang/rust.rs::mod_declaration_resolves_to_flat_file	132-136	fn mod_declaration_resolves_to_flat_file()	fn	tests		edges r
561	sym:crates/rkg-ingest/src/lang/rust.rs::mod_declaration_resolves_to_mod_rs	mod_declaration_resolves_to_mod_rs	sym	crates/rkg-ingest/src/lang/rust.rs::mod_declaration_resolves_to_mod_rs	139-143	fn mod_declaration_resolves_to_mod_rs()	fn	tests		edges r
562	sym:crates/rkg-ingest/src/lang/rust.rs::nested_mod_uses_stem_subdirectory	nested_mod_uses_stem_subdirectory	sym	crates/rkg-ingest/src/lang/rust.rs::nested_mod_uses_stem_subdirectory	146-151	fn nested_mod_uses_stem_subdirectory()	fn	tests		edges r
563	sym:crates/rkg-ingest/src/lang/rust.rs::use_crate_points_at_crate_root	use_crate_points_at_crate_root	sym	crates/rkg-ingest/src/lang/rust.rs::use_crate_points_at_crate_root	154-158	fn use_crate_points_at_crate_root()	fn	tests		edges r
564	sym:crates/rkg-ingest/src/lang/rust.rs::use_crate_module_points_at_module_file	use_crate_module_points_at_module_file	sym	crates/rkg-ingest/src/lang/rust.rs::use_crate_module_points_at_module_file	161-165	fn use_crate_module_points_at_module_file()	fn	tests		edges r
565	sym:crates/rkg-ingest/src/lang/rust.rs::inline_mod_is_ignored	inline_mod_is_ignored	sym	crates/rkg-ingest/src/lang/rust.rs::inline_mod_is_ignored	168-172	fn inline_mod_is_ignored()	fn	tests		edges r
566	sym:crates/rkg-ingest/src/lang/python.rs::extract	extract	sym	crates/rkg-ingest/src/lang/python.rs::extract	13-76	pub fn extract(content: &str, rel: &str, resolver: &Resolver) -> Vec<Edge>	fn		Extracts `Imports` edges from one Python file at `rel`.	Some base content dir edges from left level line module module_path names push rel resolver right
567	sym:crates/rkg-ingest/src/lang/python.rs::resolve_absolute	resolve_absolute	sym	crates/rkg-ingest/src/lang/python.rs::resolve_absolute	79-84	fn resolve_absolute(dotted: &str, resolver: &Resolver) -> Option<String>	fn		Absolute dotted module → a file ending `a/b.py` or `a/b/__init__.py`.	dotted path resolver
568	sym:crates/rkg-ingest/src/lang/python.rs::resolve_relative	resolve_relative	sym	crates/rkg-ingest/src/lang/python.rs::resolve_relative	87-90	fn resolve_relative(base_dir: &str, module: &str, resolver: &Resolver) -> Option<String>	fn		Relative module under `base_dir` → `base/mod.py` or `base/mod/__init__.py`.	base base_dir module resolver
569	sym:crates/rkg-ingest/src/lang/python.rs::resolver	resolver	sym	crates/rkg-ingest/src/lang/python.rs::resolver	97-103	fn resolver(files: &[&str]) -> Resolver	fn	tests		files r
570	sym:crates/rkg-ingest/src/lang/python.rs::absolute_dotted_import_resolves_to_module_file	absolute_dotted_import_resolves_to_module_file	sym	crates/rkg-ingest/src/lang/python.rs::absolute_dotted_import_resolves_to_module_file	106-110	fn absolute_dotted_import_resolves_to_module_file()	fn	tests		edges r
571	sym:crates/rkg-ingest/src/lang/python.rs::import_resolves_package_init	import_resolves_package_init	sym	crates/rkg-ingest/src/lang/python.rs::import_resolves_package_init	113-117	fn import_resolves_package_init()	fn	tests		edges r
572	sym:crates/rkg-ingest/src/lang/python.rs::relative_from_dot_resolves_sibling_module	relative_from_dot_resolves_sibling_module	sym	crates/rkg-ingest/src/lang/python.rs::relative_from_dot_resolves_sibling_module	120-124	fn relative_from_dot_resolves_sibling_module()	fn	tests		edges r
573	sym:crates/rkg-ingest/src/lang/python.rs::relative_parent_ascends_a_package	relative_parent_ascends_a_package	sym	crates/rkg-ingest/src/lang/python.rs::relative_parent_ascends_a_package	127-131	fn relative_parent_ascends_a_package()	fn	tests		edges r
574	sym:crates/rkg-ingest/src/lang/python.rs::unresolved_import_is_dropped	unresolved_import_is_dropped	sym	crates/rkg-ingest/src/lang/python.rs::unresolved_import_is_dropped	134-137	fn unresolved_import_is_dropped()	fn	tests		r
575	sym:crates/rkg-ingest/src/path.rs::relative	relative	sym	crates/rkg-ingest/src/path.rs::relative	7-20	pub fn relative(root: &Path, path: &Path) -> Option<String>	fn		Repo-relative, forward-slash form of `path` under `root`, or `None` if `path` *is* the root (nothing to name).	path rel root s
576	sym:crates/rkg-ingest/src/path.rs::parent	parent	sym	crates/rkg-ingest/src/path.rs::parent	23-28	pub fn parent(rel: &str) -> String	fn		Parent directory of a repo-relative path; top-level entries parent to `.`.	rel
577	sym:crates/rkg-ingest/src/path.rs::join_normalize	join_normalize	sym	crates/rkg-ingest/src/path.rs::join_normalize	33-53	pub fn join_normalize(base_dir: &str, specifier: &str) -> String	fn		Joins `specifier` onto `base_dir` (a directory) and collapses `.`/`..`. Both are repo-relative; the result stays repo-relative (a specifier escaping the root yields a best-effort collapsed path).	base_dir specifier stack
578	sym:crates/rkg-ingest/src/path.rs::parent_of_nested_and_top_level	parent_of_nested_and_top_level	sym	crates/rkg-ingest/src/path.rs::parent_of_nested_and_top_level	60-63	fn parent_of_nested_and_top_level()	fn	tests		
579	sym:crates/rkg-ingest/src/path.rs::join_collapses_dot_and_dotdot	join_collapses_dot_and_dotdot	sym	crates/rkg-ingest/src/path.rs::join_collapses_dot_and_dotdot	66-70	fn join_collapses_dot_and_dotdot()	fn	tests		
580	sym:crates/rkg-ingest/src/registry.rs::ImportFn	ImportFn	sym	crates/rkg-ingest/src/registry.rs::ImportFn	11-11	pub type ImportFn = fn(&str, &str, &Resolver) -> Vec<Edge>;	type		An import/include extractor: turns one file's source into `Imports` edges.	
581	sym:crates/rkg-ingest/src/registry.rs::DocStrategy	DocStrategy	sym	crates/rkg-ingest/src/registry.rs::DocStrategy	14-22	pub enum DocStrategy	enum		How a language attaches documentation to a definition.	
582	sym:crates/rkg-ingest/src/registry.rs::SymbolSpec	SymbolSpec	sym	crates/rkg-ingest/src/registry.rs::SymbolSpec	26-41	pub struct SymbolSpec	struct		The tree-sitter node kinds that make up a language's symbol model, plus its doc convention. Drives the generic walk in [`crate::symbols`].	
583	sym:crates/rkg-ingest/src/registry.rs::Language	Language	sym	crates/rkg-ingest/src/registry.rs::Language	44-50	pub struct Language	struct		A supported language.	
584	sym:crates/rkg-ingest/src/registry.rs::for_extension	for_extension	sym	crates/rkg-ingest/src/registry.rs::for_extension	53-55	pub fn for_extension(ext: &str) -> Option<&'static Language>	fn		The language whose extension set contains `ext`, if any.	ext
585	sym:crates/rkg-ingest/src/registry.rs::g_rust	g_rust	sym	crates/rkg-ingest/src/registry.rs::g_rust	58-58	fn g_rust() -> tree_sitter::Language	fn			
586	sym:crates/rkg-ingest/src/registry.rs::g_js	g_js	sym	crates/rkg-ingest/src/registry.rs::g_js	59-59	fn g_js() -> tree_sitter::Language	fn			
587	sym:crates/rkg-ingest/src/registry.rs::g_ts	g_ts	sym	crates/rkg-ingest/src/registry.rs::g_ts	60-60	fn g_ts() -> tree_sitter::Language	fn			
588	sym:crates/rkg-ingest/src/registry.rs::g_tsx	g_tsx	sym	crates/rkg-ingest/src/registry.rs::g_tsx	61-61	fn g_tsx() -> tree_sitter::Language	fn			
589	sym:crates/rkg-ingest/src/registry.rs::g_python	g_python	sym	crates/rkg-ingest/src/registry.rs::g_python	62-62	fn g_python() -> tree_sitter::Language	fn			
590	sym:crates/rkg-ingest/src/registry.rs::g_c	g_c	sym	crates/rkg-ingest/src/registry.rs::g_c	63-63	fn g_c() -> tree_sitter::Language	fn			
591	sym:crates/rkg-ingest/src/registry.rs::g_cpp	g_cpp	sym	crates/rkg-ingest/src/registry.rs::g_cpp	64-64	fn g_cpp() -> tree_sitter::Language	fn			
592	sym:crates/rkg-ingest/src/registry.rs::g_java	g_java	sym	crates/rkg-ingest/src/registry.rs::g_java	65-65	fn g_java() -> tree_sitter::Language	fn			
593	sym:crates/rkg-ingest/src/registry.rs::g_kotlin	g_kotlin	sym	crates/rkg-ingest/src/registry.rs::g_kotlin	66-66	fn g_kotlin() -> tree_sitter::Language	fn			
594	sym:crates/rkg-ingest/src/registry.rs::g_csharp	g_csharp	sym	crates/rkg-ingest/src/registry.rs::g_csharp	67-67	fn g_csharp() -> tree_sitter::Language	fn			
595	sym:crates/rkg-ingest/src/registry.rs::JSDOC	JSDOC	sym	crates/rkg-ingest/src/registry.rs::JSDOC	70-70	const JSDOC: &[&str] = &["/**"];	const		Comment-based doc prefixes shared by the C-family and JSDoc-style languages.	
596	sym:crates/rkg-ingest/src/registry.rs::RUSTDOC	RUSTDOC	sym	crates/rkg-ingest/src/registry.rs::RUSTDOC	71-71	const RUSTDOC: &[&str] = &["///", "//!", "/**"];	const			
597	sym:crates/rkg-ingest/src/registry.rs::XMLDOC	XMLDOC	sym	crates/rkg-ingest/src/registry.rs::XMLDOC	72-72	const XMLDOC: &[&str] = &["///", "/**"];	const			
598	sym:crates/rkg-ingest/src/registry.rs::LANGUAGES	LANGUAGES	sym	crates/rkg-ingest/src/registry.rs::LANGUAGES	74-238	pub static LANGUAGES: &[Language] = &[ Language { tag: "rust", extensions: &["rs"], grammar: g_rust, symbols: SymbolSpec { defs: &[ "function_item", "struct_item", "enum_item", "trait_item", "type_item", "const_item", "static_item", "union_…	static			
599	sym:crates/rkg-ingest/src/registry.rs::TS_SYMBOLS	TS_SYMBOLS	sym	crates/rkg-ingest/src/registry.rs::TS_SYMBOLS	241-253	const TS_SYMBOLS: SymbolSpec = SymbolSpec { defs: &[ "function_declaration", "generator_function_declaration", "class_declaration", "abstract_class_declaration", "method_definition", "interface_declaration", "type_alias_declaration", "enum_…	const		TypeScript and TSX share the same symbol model.	
600	sym:crates/rkg-ingest/src/registry.rs::extensions_are_unique_across_languages	extensions_are_unique_across_languages	sym	crates/rkg-ingest/src/registry.rs::extensions_are_unique_across_languages	260-267	fn extensions_are_unique_across_languages()	fn	tests		seen
601	sym:crates/rkg-ingest/src/registry.rs::for_extension_finds_languages	for_extension_finds_languages	sym	crates/rkg-ingest/src/registry.rs::for_extension_finds_languages	270-276	fn for_extension_finds_languages()	fn	tests		
602	sym:crates/rkg-mcp/src/server.rs::DEFAULT_PROTOCOL	DEFAULT_PROTOCOL	sym	crates/rkg-mcp/src/server.rs::DEFAULT_PROTOCOL	16-16	const DEFAULT_PROTOCOL: &str = "2024-11-05";	const		The MCP protocol revision reported when a client omits its own.	
603	sym:crates/rkg-mcp/src/server.rs::Server	Server	sym	crates/rkg-mcp/src/server.rs::Server	18-24	pub struct Server	struct			
604	sym:crates/rkg-mcp/src/server.rs::new	new	sym	crates/rkg-mcp/src/server.rs::new	27-32	pub fn new(graph: Graph, graph_path: PathBuf) -> Self	fn	impl Server		graph graph_path
605	sym:crates/rkg-mcp/src/server.rs::handle	handle	sym	crates/rkg-mcp/src/server.rs::handle	36-60	pub fn handle(&self, request: &Value) -> Option<Value>	fn	impl Server	Handles one JSON-RPC message. Returns `Some(response)` for requests and `None` for notifications (a message with no `id`).	id method params request result
606	sym:crates/rkg-mcp/src/server.rs::initialize	initialize	sym	crates/rkg-mcp/src/server.rs::initialize	62-77	fn initialize(&self, params: &Value) -> Value	fn	impl Server		params protocol
607	sym:crates/rkg-mcp/src/server.rs::tools_list	tools_list	sym	crates/rkg-mcp/src/server.rs::tools_list	79-81	fn tools_list(&self) -> Value	fn	impl Server		
608	sym:crates/rkg-mcp/src/server.rs::tools_call	tools_call	sym	crates/rkg-mcp/src/server.rs::tools_call	83-101	fn tools_call(&self, params: &Value) -> Value	fn	impl Server		args name params
609	sym:crates/rkg-mcp/src/server.rs::dispatch	dispatch	sym	crates/rkg-mcp/src/server.rs::dispatch	104-151	fn dispatch(&self, name: &str, args: &Value) -> Result<Value, String>	fn	impl Server	Runs one tool by name, returning its result payload or an error message.	a args b budget depth direction edge_kinds graph id ids kind name pack query seed
610	sym:crates/rkg-mcp/src/server.rs::build	build	sym	crates/rkg-mcp/src/server.rs::build	155-174	fn build(&self, args: &Value) -> Result<Value, String>	fn	impl Server	Scans a repository, persists the graph JSON, and swaps it in as the live graph the other tools query.	args edges graph nodes output path
611	sym:crates/rkg-mcp/src/server.rs::str_arg	str_arg	sym	crates/rkg-mcp/src/server.rs::str_arg	177-181	fn str_arg<'a>(args: &'a Value, key: &str) -> Result<&'a str, String>	fn			args key
612	sym:crates/rkg-mcp/src/server.rs::opt_str	opt_str	sym	crates/rkg-mcp/src/server.rs::opt_str	183-185	fn opt_str<'a>(args: &'a Value, key: &str) -> Option<&'a str>	fn			args key
613	sym:crates/rkg-mcp/src/server.rs::str_array	str_array	sym	crates/rkg-mcp/src/server.rs::str_array	187-196	fn str_array(args: &Value, key: &str) -> Result<Vec<String>, String>	fn			args arr key
614	sym:crates/rkg-mcp/src/server.rs::parse_direction	parse_direction	sym	crates/rkg-mcp/src/server.rs::parse_direction	198-205	fn parse_direction(s: &str) -> Result<Direction, String>	fn			s
615	sym:crates/rkg-mcp/src/server.rs::parse_edge_kinds	parse_edge_kinds	sym	crates/rkg-mcp/src/server.rs::parse_edge_kinds	207-217	fn parse_edge_kinds(value: Option<&Value>) -> Result<Option<Vec<EdgeKind>>, String>	fn			Some arr kinds value
616	sym:crates/rkg-mcp/src/server.rs::tool_schemas	tool_schemas	sym	crates/rkg-mcp/src/server.rs::tool_schemas	220-296	fn tool_schemas() -> Value	fn		The `tools/list` schemas. Kept as data so the wire contract is in one place.	
617	sym:crates/rkg-mcp/src/server.rs::server	server	sym	crates/rkg-mcp/src/server.rs::server	303-311	fn server() -> Server	fn	tests		g
618	sym:crates/rkg-mcp/src/server.rs::call	call	sym	crates/rkg-mcp/src/server.rs::call	313-319	fn call(server: &Server, name: &str, args: Value) -> Value	fn	tests		args name req server
619	sym:crates/rkg-mcp/src/server.rs::payload	payload	sym	crates/rkg-mcp/src/server.rs::payload	322-329	fn payload(result: &Value) -> Value	fn	tests	Parses the text payload of a successful tools/call back into JSON.	result text
620	sym:crates/rkg-mcp/src/server.rs::initialize_reports_tool_capability_and_echoes_protocol	initialize_reports_tool_capability_and_echoes_protocol	sym	crates/rkg-mcp/src/server.rs::initialize_reports_tool_capability_and_echoes_protocol	332-342	fn initialize_reports_tool_capability_and_echoes_protocol()	fn	tests		req resp s
621	sym:crates/rkg-mcp/src/server.rs::notifications_get_no_reply	notifications_get_no_reply	sym	crates/rkg-mcp/src/server.rs::notifications_get_no_reply	345-349	fn notifications_get_no_reply()	fn	tests		note s
622	sym:crates/rkg-mcp/src/server.rs::tools_list_advertises_every_tool	tools_list_advertises_every_tool	sym	crates/rkg-mcp/src/server.rs::tools_list_advertises_every_tool	352-365	fn tools_list_advertises_every_tool()	fn	tests		names req resp s
623	sym:crates/rkg-mcp/src/server.rs::build_scans_a_repo_and_replaces_the_live_graph	build_scans_a_repo_and_replaces_the_live_graph	sym	crates/rkg-mcp/src/server.rs::build_scans_a_repo_and_replaces_the_live_graph	368-398	fn build_scans_a_repo_and_replaces_the_live_graph()	fn	tests		built found out result root s
624	sym:crates/rkg-mcp/src/server.rs::N	N	sym	crates/rkg-mcp/src/server.rs::N	370-370	static N: AtomicUsize = AtomicUsize::new(0);	static	tests		
625	sym:crates/rkg-mcp/src/server.rs::find_node_returns_matches	find_node_returns_matches	sym	crates/rkg-mcp/src/server.rs::find_node_returns_matches	401-406	fn find_node_returns_matches()	fn	tests		out s
626	sym:crates/rkg-mcp/src/server.rs::neighbors_honours_direction_and_kind	neighbors_honours_direction_and_kind	sym	crates/rkg-mcp/src/server.rs::neighbors_honours_direction_and_kind	409-417	fn neighbors_honours_direction_and_kind()	fn	tests		out s
627	sym:crates/rkg-mcp/src/server.rs::context_pack_starts_at_the_seed	context_pack_starts_at_the_seed	sym	crates/rkg-mcp/src/server.rs::context_pack_starts_at_the_seed	420-425	fn context_pack_starts_at_the_seed()	fn	tests		out s
628	sym:crates/rkg-mcp/src/server.rs::a_missing_seed_is_a_tool_error	a_missing_seed_is_a_tool_error	sym	crates/rkg-mcp/src/server.rs::a_missing_seed_is_a_tool_error	428-432	fn a_missing_seed_is_a_tool_error()	fn	tests		result s
629	sym:crates/rkg-mcp/src/server.rs::a_missing_required_argument_is_a_tool_error	a_missing_required_argument_is_a_tool_error	sym	crates/rkg-mcp/src/server.rs::a_missing_required_argument_is_a_tool_error	435-439	fn a_missing_required_argument_is_a_tool_error()	fn	tests		result s
630	sym:crates/rkg-mcp/src/server.rs::an_unknown_method_is_a_jsonrpc_error	an_unknown_method_is_a_jsonrpc_error	sym	crates/rkg-mcp/src/server.rs::an_unknown_method_is_a_jsonrpc_error	442-447	fn an_unknown_method_is_a_jsonrpc_error()	fn	tests		req resp s
631	sym:crates/rkg-mcp/src/main.rs::Cli	Cli	sym	crates/rkg-mcp/src/main.rs::Cli	27-31	struct Cli	struct			
632	sym:crates/rkg-mcp/src/main.rs::main	main	sym	crates/rkg-mcp/src/main.rs::main	33-74	fn main() -> Result<()>	fn			cli graph line out response server stdin stdout
633	sym:crates/gv-config/src/lib.rs::AppConfig	AppConfig	sym	crates/gv-config/src/lib.rs::AppConfig	16-64	pub struct AppConfig	struct			
634	sym:crates/gv-config/src/lib.rs::default	default	sym	crates/gv-config/src/lib.rs::default	67-94	fn default() -> Self	fn	impl AppConfig		
635	sym:crates/gv-config/src/lib.rs::from_json_str	from_json_str	sym	crates/gv-config/src/lib.rs::from_json_str	101-103	pub fn from_json_str(text: &str) -> Result<Self>	fn	impl AppConfig	Parses settings from a JSON string. Missing keys fall back to [`Default`]. The filesystem-free entry point used on the web, where config arrives as text rather than a file path.	text
636	sym:crates/gv-config/src/lib.rs::load	load	sym	crates/gv-config/src/lib.rs::load	107-113	pub fn load(path: impl AsRef<Path>) -> Result<Self>	fn	impl AppConfig	Reads a settings file. Missing keys fall back to [`Default`], so a partial file — or no file at all — is valid.	path text
637	sym:crates/gv-config/src/lib.rs::save_graph_settings	save_graph_settings	sym	crates/gv-config/src/lib.rs::save_graph_settings	117-139	pub fn save_graph_settings(&self, path: impl AsRef<Path>) -> Result<()>	fn	impl AppConfig	Updates graph controls while retaining settings this version does not model, such as the legacy shader-path keys.	json path settings text
638	sym:crates/gv-config/src/lib.rs::clear_color	clear_color	sym	crates/gv-config/src/lib.rs::clear_color	145-152	pub fn clear_color(&self) -> [f64; 4]	fn	impl AppConfig	Clear colour normalised to the 0..=1 range wgpu expects. Widens before dividing: doing the division in f32 and casting after bakes in f32 rounding that the f64 target would otherwise not have.	
639	sym:crates/gv-config/src/lib.rs::reads_original_settings_json	reads_original_settings_json	sym	crates/gv-config/src/lib.rs::reads_original_settings_json	162-191	fn reads_original_settings_json()	fn	tests	The `settings.json` shipped with the C++ original, minus the shader paths, must still deserialise.	config json
640	sym:crates/gv-config/src/lib.rs::empty_object_yields_defaults	empty_object_yields_defaults	sym	crates/gv-config/src/lib.rs::empty_object_yields_defaults	194-197	fn empty_object_yields_defaults()	fn	tests		config
641	sym:crates/gv-config/src/lib.rs::saving_graph_settings_preserves_unrelated_settings	saving_graph_settings_preserves_unrelated_settings	sym	crates/gv-config/src/lib.rs::saving_graph_settings_preserves_unrelated_settings	200-222	fn saving_graph_settings_preserves_unrelated_settings()	fn	tests		config path saved
642	sym:crates/rkg-cli/src/main.rs::DEFAULT_GRAPH	DEFAULT_GRAPH	sym	crates/rkg-cli/src/main.rs::DEFAULT_GRAPH	13-13	const DEFAULT_GRAPH: &str = ".rkg/graph.json";	const			
643	sym:crates/rkg-cli/src/main.rs::Cli	Cli	sym	crates/rkg-cli/src/main.rs::Cli	17-20	struct Cli	struct			
644	sym:crates/rkg-cli/src/main.rs::Command	Command	sym	crates/rkg-cli/src/main.rs::Command	23-32	enum Command	enum			
645	sym:crates/rkg-cli/src/main.rs::BuildArgs	BuildArgs	sym	crates/rkg-cli/src/main.rs::BuildArgs	35-42	struct BuildArgs	struct			
646	sym:crates/rkg-cli/src/main.rs::QueryArgs	QueryArgs	sym	crates/rkg-cli/src/main.rs::QueryArgs	45-54	struct QueryArgs	struct			
647	sym:crates/rkg-cli/src/main.rs::QueryCmd	QueryCmd	sym	crates/rkg-cli/src/main.rs::QueryCmd	57-87	enum QueryCmd	enum			
648	sym:crates/rkg-cli/src/main.rs::ExportArgs	ExportArgs	sym	crates/rkg-cli/src/main.rs::ExportArgs	90-102	struct ExportArgs	struct			
649	sym:crates/rkg-cli/src/main.rs::McpArgs	McpArgs	sym	crates/rkg-cli/src/main.rs::McpArgs	105-108	struct McpArgs	struct			
650	sym:crates/rkg-cli/src/main.rs::McpCommand	McpCommand	sym	crates/rkg-cli/src/main.rs::McpCommand	111-114	enum McpCommand	enum			
651	sym:crates/rkg-cli/src/main.rs::McpInstallArgs	McpInstallArgs	sym	crates/rkg-cli/src/main.rs::McpInstallArgs	117-127	struct McpInstallArgs	struct			
652	sym:crates/rkg-cli/src/main.rs::McpProvider	McpProvider	sym	crates/rkg-cli/src/main.rs::McpProvider	130-135	enum McpProvider	enum			
653	sym:crates/rkg-cli/src/main.rs::main	main	sym	crates/rkg-cli/src/main.rs::main	137-147	fn main() -> Result<()>	fn			cli
654	sym:crates/rkg-cli/src/main.rs::install_mcp	install_mcp	sym	crates/rkg-cli/src/main.rs::install_mcp	149-177	fn install_mcp(args: McpInstallArgs) -> Result<()>	fn			args path project_dir status
655	sym:crates/rkg-cli/src/main.rs::install_opencode	install_opencode	sym	crates/rkg-cli/src/main.rs::install_opencode	179-190	fn install_opencode(project_dir: &Path) -> Result<PathBuf>	fn			json jsonc project_dir
656	sym:crates/rkg-cli/src/main.rs::install_opencode_json	install_opencode_json	sym	crates/rkg-cli/src/main.rs::install_opencode_json	192-214	fn install_opencode_json(path: &Path) -> Result<()>	fn			mcp path root servers
657	sym:crates/rkg-cli/src/main.rs::install_json_mcp	install_json_mcp	sym	crates/rkg-cli/src/main.rs::install_json_mcp	216-238	fn install_json_mcp(path: &Path) -> Result<PathBuf>	fn			path root servers
658	sym:crates/rkg-cli/src/main.rs::install_codex	install_codex	sym	crates/rkg-cli/src/main.rs::install_codex	240-266	fn install_codex(project_dir: &Path) -> Result<PathBuf>	fn			existing path project_dir table updated
659	sym:crates/rkg-cli/src/main.rs::read_json_object	read_json_object	sym	crates/rkg-cli/src/main.rs::read_json_object	268-280	fn read_json_object(path: &Path) -> Result<serde_json::Map<String, serde_json::Value>>	fn			path value
660	sym:crates/rkg-cli/src/main.rs::write_json	write_json	sym	crates/rkg-cli/src/main.rs::write_json	282-284	fn write_json(path: &Path, value: &serde_json::Map<String, serde_json::Value>) -> Result<()>	fn			path value
661	sym:crates/rkg-cli/src/main.rs::write_text	write_text	sym	crates/rkg-cli/src/main.rs::write_text	286-291	fn write_text(path: &Path, text: &str) -> Result<()>	fn			path text
662	sym:crates/rkg-cli/src/main.rs::build	build	sym	crates/rkg-cli/src/main.rs::build	293-304	fn build(args: BuildArgs) -> Result<()>	fn			args graph
663	sym:crates/rkg-cli/src/main.rs::run_query	run_query	sym	crates/rkg-cli/src/main.rs::run_query	306-378	fn run_query(args: QueryArgs) -> Result<()>	fn			args dir graph hits kind kinds out pack sub
664	sym:crates/rkg-cli/src/main.rs::run_export	run_export	sym	crates/rkg-cli/src/main.rs::run_export	380-396	fn run_export(args: ExportArgs) -> Result<()>	fn			args graph opts written
665	sym:crates/rkg-cli/src/main.rs::parse_node_kind	parse_node_kind	sym	crates/rkg-cli/src/main.rs::parse_node_kind	398-400	fn parse_node_kind(s: &str) -> Result<NodeKind>	fn			s
666	sym:crates/rkg-cli/src/main.rs::parse_direction	parse_direction	sym	crates/rkg-cli/src/main.rs::parse_direction	402-409	fn parse_direction(s: &str) -> Result<Direction>	fn			s
667	sym:crates/rkg-cli/src/main.rs::parse_edge_kinds	parse_edge_kinds	sym	crates/rkg-cli/src/main.rs::parse_edge_kinds	411-420	fn parse_edge_kinds(tags: &[String]) -> Result<Option<Vec<EdgeKind>>>	fn			kinds tags
668	sym:crates/rkg-cli/src/main.rs::NEXT_TEMP_DIR	NEXT_TEMP_DIR	sym	crates/rkg-cli/src/main.rs::NEXT_TEMP_DIR	428-428	static NEXT_TEMP_DIR: AtomicUsize = AtomicUsize::new(0);	static	tests		
669	sym:crates/rkg-cli/src/main.rs::temp_project	temp_project	sym	crates/rkg-cli/src/main.rs::temp_project	430-440	fn temp_project() -> PathBuf	fn	tests		path
670	sym:crates/rkg-cli/src/main.rs::installs_project_configuration_for_every_provider	installs_project_configuration_for_every_provider	sym	crates/rkg-cli/src/main.rs::installs_project_configuration_for_every_provider	443-470	fn installs_project_configuration_for_every_provider()	fn	tests		codex config opencode project
671	sym:crates/rkg-cli/src/main.rs::does_not_overwrite_an_existing_server	does_not_overwrite_an_existing_server	sym	crates/rkg-cli/src/main.rs::does_not_overwrite_an_existing_server	473-479	fn does_not_overwrite_an_existing_server()	fn	tests		error project
672	sym:crates/rkg-cli/src/main.rs::appends_to_existing_json_configuration	appends_to_existing_json_configuration	sym	crates/rkg-cli/src/main.rs::appends_to_existing_json_configuration	482-505	fn appends_to_existing_json_configuration()	fn	tests		config path project
673	sym:crates/gv-layout-gpu/src/lib.rs::GpuLayout	GpuLayout	sym	crates/gv-layout-gpu/src/lib.rs::GpuLayout	18-28	pub trait GpuLayout	trait		A layout that advances node state held in a [`gv_gpu::GraphBuffers`]. Distinct from [`gv_layout::CpuLayout`] because the node array never reaches host memory: a step records dispatches into a caller-supplied encoder so it can share a submission with the frame's draw calls.	
674	sym:crates/gv-layout-gpu/src/bh_gpu/tree_tests.rs::run	run	sym	crates/gv-layout-gpu/src/bh_gpu/tree_tests.rs::run	24-45	fn run( graph: &GraphData, params: &LayoutParams, theta: f32, steps: usize, ) -> (GpuContext, BhGpuLayout, Vec<gv_graph::Node>)	fn		Runs `steps` Barnes-Hut steps and hands back the layout and the node array.	buffers context encoder graph layout nodes params steps theta
675	sym:crates/gv-layout-gpu/src/bh_gpu/tree_tests.rs::run_brute_force	run_brute_force	sym	crates/gv-layout-gpu/src/bh_gpu/tree_tests.rs::run_brute_force	48-66	fn run_brute_force( graph: &GraphData, params: &LayoutParams, steps: usize, ) -> Vec<gv_graph::Node>	fn		The same graph through the exact GPU path, for comparison.	buffers context encoder graph layout params steps
676	sym:crates/gv-layout-gpu/src/bh_gpu/tree_tests.rs::multi_workgroup_graph	multi_workgroup_graph	sym	crates/gv-layout-gpu/src/bh_gpu/tree_tests.rs::multi_workgroup_graph	70-87	fn multi_workgroup_graph(node_count: u32) -> GraphData	fn		A graph over one workgroup with degrees that vary, matching the fixture the exact GPU path is regression-tested on.	edges next node_count state
677	sym:crates/gv-layout-gpu/src/bh_gpu/tree_tests.rs::bodies_of	bodies_of	sym	crates/gv-layout-gpu/src/bh_gpu/tree_tests.rs::bodies_of	89-97	fn bodies_of(nodes: &[gv_graph::Node], three_d: bool) -> Vec<[f32; 3]>	fn			nodes p three_d
678	sym:crates/gv-layout-gpu/src/bh_gpu/tree_tests.rs::mean_edge_length	mean_edge_length	sym	crates/gv-layout-gpu/src/bh_gpu/tree_tests.rs::mean_edge_length	99-111	fn mean_edge_length(graph: &GraphData, nodes: &[gv_graph::Node]) -> f32	fn			a b dx dy dz graph nodes total
679	sym:crates/gv-layout-gpu/src/bh_gpu/tree_tests.rs::assert_positions_close	assert_positions_close	sym	crates/gv-layout-gpu/src/bh_gpu/tree_tests.rs::assert_positions_close	113-131	fn assert_positions_close( actual: &[gv_graph::Node], expected: &[gv_graph::Node], tolerance: f32, )	fn			a actual e error expected tolerance
680	sym:crates/gv-layout-gpu/src/bh_gpu/tree_tests.rs::the_tree_is_a_walkable_depth_first_array	the_tree_is_a_walkable_depth_first_array	sym	crates/gv-layout-gpu/src/bh_gpu/tree_tests.rs::the_tree_is_a_walkable_depth_first_array	137-185	fn the_tree_is_a_walkable_depth_first_array()	fn			_context cells child count covered graph index inner layout params
681	sym:crates/gv-layout-gpu/src/bh_gpu/tree_tests.rs::every_cell_is_the_centre_of_mass_of_its_own_range	every_cell_is_the_centre_of_mass_of_its_own_range	sym	crates/gv-layout-gpu/src/bh_gpu/tree_tests.rs::every_cell_is_the_centre_of_mass_of_its_own_range	189-228	fn every_cell_is_the_centre_of_mass_of_its_own_range()	fn			_context bodies cells error expected graph layout nodes order params range scale sum
682	sym:crates/gv-layout-gpu/src/bh_gpu/tree_tests.rs::the_build_stays_inside_the_capacity_it_allocates	the_build_stays_inside_the_capacity_it_allocates	sym	crates/gv-layout-gpu/src/bh_gpu/tree_tests.rs::the_build_stays_inside_the_capacity_it_allocates	232-252	fn the_build_stays_inside_the_capacity_it_allocates()	fn			_context capacity count layout params
683	sym:crates/gv-layout-gpu/src/bh_gpu/tree_tests.rs::the_tree_is_path_compressed	the_tree_is_path_compressed	sym	crates/gv-layout-gpu/src/bh_gpu/tree_tests.rs::the_tree_is_path_compressed	256-276	fn the_tree_is_path_compressed()	fn			_context cells first_child graph layout params
684	sym:crates/gv-layout-gpu/src/bh_gpu/tree_tests.rs::theta_zero_reproduces_the_brute_force_gpu_path	theta_zero_reproduces_the_brute_force_gpu_path	sym	crates/gv-layout-gpu/src/bh_gpu/tree_tests.rs::theta_zero_reproduces_the_brute_force_gpu_path	282-294	fn theta_zero_reproduces_the_brute_force_gpu_path()	fn			_context _layout actual expected graph params
685	sym:crates/gv-layout-gpu/src/bh_gpu/tree_tests.rs::the_default_theta_stays_close_to_the_brute_force_path	the_default_theta_stays_close_to_the_brute_force_path	sym	crates/gv-layout-gpu/src/bh_gpu/tree_tests.rs::the_default_theta_stays_close_to_the_brute_force_path	298-322	fn the_default_theta_stays_close_to_the_brute_force_path()	fn			_context _layout actual ceiling expected graph params worst
686	sym:crates/gv-layout-gpu/src/bh_gpu/tree_tests.rs::both_paths_converge_to_the_same_layout	both_paths_converge_to_the_same_layout	sym	crates/gv-layout-gpu/src/bh_gpu/tree_tests.rs::both_paths_converge_to_the_same_layout	326-347	fn both_paths_converge_to_the_same_layout()	fn			_context _layout approximate difference exact graph params
687	sym:crates/gv-layout-gpu/src/bh_gpu/tree_tests.rs::repeated_runs_are_byte_identical	repeated_runs_are_byte_identical	sym	crates/gv-layout-gpu/src/bh_gpu/tree_tests.rs::repeated_runs_are_byte_identical	351-363	fn repeated_runs_are_byte_identical()	fn			_context _layout first graph params second
688	sym:crates/gv-layout-gpu/src/bh_gpu/tree_tests.rs::three_d_is_laid_out_in_three_dimensions	three_d_is_laid_out_in_three_dimensions	sym	crates/gv-layout-gpu/src/bh_gpu/tree_tests.rs::three_d_is_laid_out_in_three_dimensions	367-381	fn three_d_is_laid_out_in_three_dimensions()	fn			_context _layout actual expected graph params
689	sym:crates/gv-layout-gpu/src/bh_gpu/tree_tests.rs::coincident_bodies_neither_hang_nor_produce_nan	coincident_bodies_neither_hang_nor_produce_nan	sym	crates/gv-layout-gpu/src/bh_gpu/tree_tests.rs::coincident_bodies_neither_hang_nor_produce_nan	385-407	fn coincident_bodies_neither_hang_nor_produce_nan()	fn			_context actual graph layout params
690	sym:crates/gv-layout-gpu/src/bh_gpu/tree_tests.rs::a_distant_cluster_is_felt_as_its_aggregate	a_distant_cluster_is_felt_as_its_aggregate	sym	crates/gv-layout-gpu/src/bh_gpu/tree_tests.rs::a_distant_cluster_is_felt_as_its_aggregate	411-436	fn a_distant_cluster_is_felt_as_its_aggregate()	fn			_context _layout approximate exact graph params
691	sym:crates/gv-layout-gpu/src/bh_gpu/tree_tests.rs::an_edgeless_graph_steps	an_edgeless_graph_steps	sym	crates/gv-layout-gpu/src/bh_gpu/tree_tests.rs::an_edgeless_graph_steps	440-450	fn an_edgeless_graph_steps()	fn			_context _layout actual expected graph params
692	sym:crates/gv-layout-gpu/src/bh_gpu/tree_tests.rs::stress_100k	stress_100k	sym	crates/gv-layout-gpu/src/bh_gpu/tree_tests.rs::stress_100k	454-496	fn stress_100k()	fn			buffers cells context encoder graph layout nodes params per_step started
693	sym:crates/gv-layout-gpu/src/bh_gpu/tree_tests.rs::BODIES	BODIES	sym	crates/gv-layout-gpu/src/bh_gpu/tree_tests.rs::BODIES	457-457	const BODIES: usize = 100_000;	const			
694	sym:crates/gv-layout-gpu/src/bh_gpu/tree_tests.rs::STEPS	STEPS	sym	crates/gv-layout-gpu/src/bh_gpu/tree_tests.rs::STEPS	458-458	const STEPS: u32 = 50;	const			
695	sym:crates/gv-layout-gpu/src/radix_sort.rs::TILE	TILE	sym	crates/gv-layout-gpu/src/radix_sort.rs::TILE	24-24	const TILE: u32 = 512;	const		Elements per workgroup. Trades two things off. The scan is a single workgroup walking `256 * group_count` entries, so a small tile — many groups — makes that pass long. The scatter runs one thread per group, so a large tile makes *that* pass long. Measured at 100k keys: 128 → 4.80 ms, 256 → 3.97, 512 → 3.70, 1024 → 3.72. Flat across the top, which says the scatter's serial length is *not* what bin…	
696	sym:crates/gv-layout-gpu/src/radix_sort.rs::RADIX	RADIX	sym	crates/gv-layout-gpu/src/radix_sort.rs::RADIX	26-26	const RADIX: u32 = 256;	const			
697	sym:crates/gv-layout-gpu/src/radix_sort.rs::DIGIT_BITS	DIGIT_BITS	sym	crates/gv-layout-gpu/src/radix_sort.rs::DIGIT_BITS	27-27	const DIGIT_BITS: u32 = 8;	const			
698	sym:crates/gv-layout-gpu/src/radix_sort.rs::PASSES	PASSES	sym	crates/gv-layout-gpu/src/radix_sort.rs::PASSES	28-28	const PASSES: u32 = u32::BITS / DIGIT_BITS;	const			
699	sym:crates/gv-layout-gpu/src/radix_sort.rs::Uniforms	Uniforms	sym	crates/gv-layout-gpu/src/radix_sort.rs::Uniforms	32-37	struct Uniforms	struct			
700	sym:crates/gv-layout-gpu/src/radix_sort.rs::RadixSort	RadixSort	sym	crates/gv-layout-gpu/src/radix_sort.rs::RadixSort	43-57	pub struct RadixSort	struct		Sorts `(key, value)` pairs by key, in place on the GPU. Holds both halves of the ping-pong internally, so callers hand it a buffer and get that same buffer back sorted.	
701	sym:crates/gv-layout-gpu/src/radix_sort.rs::new	new	sym	crates/gv-layout-gpu/src/radix_sort.rs::new	60-167	pub fn new(context: &GpuContext, capacity: u32) -> Result<Self>	fn	impl RadixSort		blocks capacity context device entry group_count layout pipeline pipeline_layout scratch shader start stride uniforms
702	sym:crates/gv-layout-gpu/src/radix_sort.rs::record	record	sym	crates/gv-layout-gpu/src/radix_sort.rs::record	173-234	pub fn record( &self, context: &GpuContext, encoder: &mut wgpu::CommandEncoder, keys: &wgpu::Buffer, values: &wgpu::Buffer, )	fn	impl RadixSort	Records the whole sort. `keys` and `values` are sorted in place. An even number of digit passes means the ping-pong lands back in the caller's buffers, so no copy is needed to finish.	bind_group compute context encoder keys offset source_keys source_values stride target_keys target_values values
703	sym:crates/gv-layout-gpu/src/radix_sort.rs::capacity	capacity	sym	crates/gv-layout-gpu/src/radix_sort.rs::capacity	236-238	pub fn capacity(&self) -> u32	fn	impl RadixSort		
704	sym:crates/gv-layout-gpu/src/radix_sort.rs::uniform_stride	uniform_stride	sym	crates/gv-layout-gpu/src/radix_sort.rs::uniform_stride	244-247	fn uniform_stride(context: &GpuContext) -> u32	fn		Uniform blocks have to start at a multiple of the adapter's minimum dynamic offset alignment, which is 256 on most hardware and never smaller than the struct here.	alignment context
705	sym:crates/gv-layout-gpu/src/radix_sort.rs::sort	sort	sym	crates/gv-layout-gpu/src/radix_sort.rs::sort	254-283	fn sort(pairs: &[(u32, u32)]) -> Vec<(u32, u32)>	fn	tests	Sorts on the GPU and reads the result back.	context device encoder key_buffer keys pairs sorter usage value_buffer values
706	sym:crates/gv-layout-gpu/src/radix_sort.rs::read_back	read_back	sym	crates/gv-layout-gpu/src/radix_sort.rs::read_back	285-313	fn read_back(context: &GpuContext, buffer: &wgpu::Buffer, count: usize) -> Vec<u32>	fn	tests		buffer bytes context count encoder receiver result sender staging view
707	sym:crates/gv-layout-gpu/src/radix_sort.rs::noise	noise	sym	crates/gv-layout-gpu/src/radix_sort.rs::noise	316-326	fn noise(count: usize, mask: u32) -> Vec<(u32, u32)>	fn	tests	Deterministic pseudo-random keys.	count mask state
708	sym:crates/gv-layout-gpu/src/radix_sort.rs::sorts_the_full_key_range	sorts_the_full_key_range	sym	crates/gv-layout-gpu/src/radix_sort.rs::sorts_the_full_key_range	330-336	fn sorts_the_full_key_range()	fn	tests		expected input
709	sym:crates/gv-layout-gpu/src/radix_sort.rs::is_stable_across_duplicate_keys	is_stable_across_duplicate_keys	sym	crates/gv-layout-gpu/src/radix_sort.rs::is_stable_across_duplicate_keys	340-360	fn is_stable_across_duplicate_keys()	fn	tests		actual expected input key next_key next_value value
710	sym:crates/gv-layout-gpu/src/radix_sort.rs::sorts_a_graph_sized_input	sorts_a_graph_sized_input	sym	crates/gv-layout-gpu/src/radix_sort.rs::sorts_a_graph_sized_input	364-371	fn sorts_a_graph_sized_input()	fn	tests		expected input
711	sym:crates/gv-layout-gpu/src/radix_sort.rs::an_already_sorted_input_is_unchanged	an_already_sorted_input_is_unchanged	sym	crates/gv-layout-gpu/src/radix_sort.rs::an_already_sorted_input_is_unchanged	375-378	fn an_already_sorted_input_is_unchanged()	fn	tests		input
712	sym:crates/gv-layout-gpu/src/radix_sort.rs::a_reversed_input_comes_out_forwards	a_reversed_input_comes_out_forwards	sym	crates/gv-layout-gpu/src/radix_sort.rs::a_reversed_input_comes_out_forwards	382-388	fn a_reversed_input_comes_out_forwards()	fn	tests		expected input
713	sym:crates/gv-layout-gpu/src/radix_sort.rs::every_key_identical_preserves_the_payload_order	every_key_identical_preserves_the_payload_order	sym	crates/gv-layout-gpu/src/radix_sort.rs::every_key_identical_preserves_the_payload_order	392-395	fn every_key_identical_preserves_the_payload_order()	fn	tests		input
714	sym:crates/gv-layout-gpu/src/radix_sort.rs::stress_100k	stress_100k	sym	crates/gv-layout-gpu/src/radix_sort.rs::stress_100k	399-451	fn stress_100k()	fn	tests		context encoder input key_buffer keys per_sort sorter started usage value_buffer values warm
715	sym:crates/gv-layout-gpu/src/radix_sort.rs::COUNT	COUNT	sym	crates/gv-layout-gpu/src/radix_sort.rs::COUNT	402-402	const COUNT: u32 = 100_000;	const	tests		
716	sym:crates/gv-layout-gpu/src/radix_sort.rs::STEPS	STEPS	sym	crates/gv-layout-gpu/src/radix_sort.rs::STEPS	403-403	const STEPS: u32 = 50;	const	tests		
717	sym:crates/gv-layout-gpu/src/radix_sort.rs::a_single_element_sorts	a_single_element_sorts	sym	crates/gv-layout-gpu/src/radix_sort.rs::a_single_element_sorts	455-457	fn a_single_element_sorts()	fn	tests		
718	sym:crates/gv-layout-gpu/src/fr_gpu.rs::WORKGROUP_SIZE	WORKGROUP_SIZE	sym	crates/gv-layout-gpu/src/fr_gpu.rs::WORKGROUP_SIZE	32-32	pub const WORKGROUP_SIZE: u32 = 256;	const		Workgroup size, matching the original's `local_size_x = 256`.	
719	sym:crates/gv-layout-gpu/src/fr_gpu.rs::FrUniforms	FrUniforms	sym	crates/gv-layout-gpu/src/fr_gpu.rs::FrUniforms	38-48	pub struct FrUniforms	struct		Uniform block shared by all three passes. `repr(C)` with explicit padding to a 16-byte multiple, as WGSL uniform layout requires.	
720	sym:crates/gv-layout-gpu/src/fr_gpu.rs::new	new	sym	crates/gv-layout-gpu/src/fr_gpu.rs::new	51-62	pub fn new(params: &LayoutParams, node_count: u32, edge_count: u32) -> Self	fn	impl FrUniforms		edge_count node_count params
721	sym:crates/gv-layout-gpu/src/fr_gpu.rs::FrGpuLayout	FrGpuLayout	sym	crates/gv-layout-gpu/src/fr_gpu.rs::FrGpuLayout	65-75	pub struct FrGpuLayout	struct			
722	sym:crates/gv-layout-gpu/src/fr_gpu.rs::new@78	new	sym	crates/gv-layout-gpu/src/fr_gpu.rs::new	78-164	pub fn new(context: &GpuContext, buffers: &GraphBuffers) -> Result<Self>	fn	impl FrGpuLayout		bind_group bind_group_layout buffers context device pipeline pipeline_layout shader uniforms
723	sym:crates/gv-layout-gpu/src/fr_gpu.rs::write_uniforms	write_uniforms	sym	crates/gv-layout-gpu/src/fr_gpu.rs::write_uniforms	171-177	pub fn write_uniforms(&self, queue: &wgpu::Queue, params: &LayoutParams)	fn	impl FrGpuLayout	Uploads this step's derived constants. Written *before* the dispatch, which `FRModel::UpdateNodes` failed to do for the repulsive pass — it uploaded that pass's uniforms after dispatching it, so the first step ran on whatever was there before.	params queue
724	sym:crates/gv-layout-gpu/src/fr_gpu.rs::record_after_repulsion	record_after_repulsion	sym	crates/gv-layout-gpu/src/fr_gpu.rs::record_after_repulsion	187-194	pub fn record_after_repulsion(&self, encoder: &mut wgpu::CommandEncoder)	fn	impl FrGpuLayout	Records attraction and the position update — everything after the repulsion term. Split out because that term is the only thing Barnes-Hut replaces: [`crate::bh_gpu::BhGpuLayout`] records its octree walk in place of the repulsive pass and then calls this, so the two paths cannot drift in how a step is closed out. The equivalent on the CPU side is `gv_layout::integrate`.	encoder
725	sym:crates/gv-layout-gpu/src/fr_gpu.rs::record_pass	record_pass	sym	crates/gv-layout-gpu/src/fr_gpu.rs::record_pass	198-211	fn record_pass( &self, encoder: &mut wgpu::CommandEncoder, label: &str, pipeline: &wgpu::ComputePipeline, )	fn	impl FrGpuLayout	One dispatch in a compute pass of its own. See [`Self::record_step`] for why the passes are never batched.	encoder label pass pipeline
726	sym:crates/gv-layout-gpu/src/fr_gpu.rs::name	name	sym	crates/gv-layout-gpu/src/fr_gpu.rs::name	215-217	fn name(&self) -> &'static str	fn	impl FrGpuLayout		
727	sym:crates/gv-layout-gpu/src/fr_gpu.rs::record_step	record_step	sym	crates/gv-layout-gpu/src/fr_gpu.rs::record_step	219-251	fn record_step( &mut self, encoder: &mut wgpu::CommandEncoder, queue: &wgpu::Queue, params: &LayoutParams, ) -> Result<()>	fn	impl FrGpuLayout		encoder params queue
728	sym:crates/gv-layout-gpu/src/fr_gpu.rs::storage_entry	storage_entry	sym	crates/gv-layout-gpu/src/fr_gpu.rs::storage_entry	254-265	fn storage_entry(binding: u32, read_only: bool) -> wgpu::BindGroupLayoutEntry	fn			binding read_only
729	sym:crates/gv-layout-gpu/src/fr_gpu.rs::workgroup_count	workgroup_count	sym	crates/gv-layout-gpu/src/fr_gpu.rs::workgroup_count	273-275	pub fn workgroup_count(count: u32) -> u32	fn		Number of workgroups needed to cover `count` invocations. The original wrote `(n / 256) + 1`, which dispatches a wholly empty extra group whenever `n` is a multiple of 256, and paired it with a `>` bound check that let one invocation past the end read out of bounds. This is the ceiling division, to be paired with a `>=` check in the shader.	count
730	sym:crates/gv-layout-gpu/src/fr_gpu.rs::uniforms_satisfy_wgsl_uniform_alignment	uniforms_satisfy_wgsl_uniform_alignment	sym	crates/gv-layout-gpu/src/fr_gpu.rs::uniforms_satisfy_wgsl_uniform_alignment	282-285	fn uniforms_satisfy_wgsl_uniform_alignment()	fn	tests		
731	sym:crates/gv-layout-gpu/src/fr_gpu.rs::workgroup_count_covers_every_invocation	workgroup_count_covers_every_invocation	sym	crates/gv-layout-gpu/src/fr_gpu.rs::workgroup_count_covers_every_invocation	288-296	fn workgroup_count_covers_every_invocation()	fn	tests		groups
732	sym:crates/gv-layout-gpu/src/fr_gpu.rs::workgroup_count_does_not_over_dispatch_on_exact_multiples	workgroup_count_does_not_over_dispatch_on_exact_multiples	sym	crates/gv-layout-gpu/src/fr_gpu.rs::workgroup_count_does_not_over_dispatch_on_exact_multiples	299-304	fn workgroup_count_does_not_over_dispatch_on_exact_multiples()	fn	tests		
733	sym:crates/gv-layout-gpu/src/fr_gpu.rs::an_empty_graph_dispatches_nothing	an_empty_graph_dispatches_nothing	sym	crates/gv-layout-gpu/src/fr_gpu.rs::an_empty_graph_dispatches_nothing	307-309	fn an_empty_graph_dispatches_nothing()	fn	tests		
734	sym:crates/gv-layout-gpu/src/fr_gpu.rs::uniforms_carry_the_derived_constants_not_the_raw_knobs	uniforms_carry_the_derived_constants_not_the_raw_knobs	sym	crates/gv-layout-gpu/src/fr_gpu.rs::uniforms_carry_the_derived_constants_not_the_raw_knobs	312-325	fn uniforms_carry_the_derived_constants_not_the_raw_knobs()	fn	tests		params uniforms
735	sym:crates/gv-layout-gpu/src/fr_gpu.rs::two_d_mode_is_encoded_as_zero	two_d_mode_is_encoded_as_zero	sym	crates/gv-layout-gpu/src/fr_gpu.rs::two_d_mode_is_encoded_as_zero	328-331	fn two_d_mode_is_encoded_as_zero()	fn	tests		params
736	sym:crates/gv-layout-gpu/src/fr_gpu.rs::uniforms_are_zeroable_so_padding_never_leaks_stack_bytes	uniforms_are_zeroable_so_padding_never_leaks_stack_bytes	sym	crates/gv-layout-gpu/src/fr_gpu.rs::uniforms_are_zeroable_so_padding_never_leaks_stack_bytes	334-338	fn uniforms_are_zeroable_so_padding_never_leaks_stack_bytes()	fn	tests		zeroed
737	sym:crates/gv-layout-gpu/src/fr_gpu.rs::TOLERANCE	TOLERANCE	sym	crates/gv-layout-gpu/src/fr_gpu.rs::TOLERANCE	350-350	const TOLERANCE: f32 = 1e-5;	const	tests	Relative tolerance for a single step of CPU-versus-GPU comparison. Measured agreement on this machine's Adreno X1-85 is actually at f32 epsilon — the two paths sum in the same order, so the only divergence available is fused multiply-add contraction and how `length` is lowered. This is deliberately looser than the measurement so a different driver making different contraction choices does not fail…	
738	sym:crates/gv-layout-gpu/src/fr_gpu.rs::run_on_gpu	run_on_gpu	sym	crates/gv-layout-gpu/src/fr_gpu.rs::run_on_gpu	353-373	fn run_on_gpu( graph: &gv_graph::GraphData, params: &LayoutParams, steps: usize, ) -> Vec<gv_graph::Node>	fn	tests	Runs `steps` GPU steps over `graph` and reads the node array back.	buffers context encoder graph layout params steps
739	sym:crates/gv-layout-gpu/src/fr_gpu.rs::run_on_cpu	run_on_cpu	sym	crates/gv-layout-gpu/src/fr_gpu.rs::run_on_cpu	375-388	fn run_on_cpu( graph: &gv_graph::GraphData, params: &LayoutParams, steps: usize, ) -> Vec<gv_graph::Node>	fn	tests		graph layout params steps
740	sym:crates/gv-layout-gpu/src/fr_gpu.rs::multi_workgroup_graph	multi_workgroup_graph	sym	crates/gv-layout-gpu/src/fr_gpu.rs::multi_workgroup_graph	392-411	fn multi_workgroup_graph(node_count: u32) -> gv_graph::GraphData	fn	tests	A graph large enough to need more than one workgroup, with degrees that vary — the shape that exposes a missing barrier between passes.	edges next node_count state
741	sym:crates/gv-layout-gpu/src/fr_gpu.rs::gpu_step_matches_the_cpu_reference	gpu_step_matches_the_cpu_reference	sym	crates/gv-layout-gpu/src/fr_gpu.rs::gpu_step_matches_the_cpu_reference	415-433	fn gpu_step_matches_the_cpu_reference()	fn	tests		actual expected graph params
742	sym:crates/gv-layout-gpu/src/fr_gpu.rs::the_passes_are_ordered_across_more_than_one_workgroup	the_passes_are_ordered_across_more_than_one_workgroup	sym	crates/gv-layout-gpu/src/fr_gpu.rs::the_passes_are_ordered_across_more_than_one_workgroup	437-458	fn the_passes_are_ordered_across_more_than_one_workgroup()	fn	tests		actual expected graph params
743	sym:crates/gv-layout-gpu/src/fr_gpu.rs::both_paths_converge_to_the_same_layout	both_paths_converge_to_the_same_layout	sym	crates/gv-layout-gpu/src/fr_gpu.rs::both_paths_converge_to_the_same_layout	462-481	fn both_paths_converge_to_the_same_layout()	fn	tests		cpu difference gpu graph params
744	sym:crates/gv-layout-gpu/src/fr_gpu.rs::mean_edge_length	mean_edge_length	sym	crates/gv-layout-gpu/src/fr_gpu.rs::mean_edge_length	483-495	fn mean_edge_length(graph: &gv_graph::GraphData, nodes: &[gv_graph::Node]) -> f32	fn	tests		a b dx dy dz graph nodes total
745	sym:crates/gv-layout-gpu/src/fr_gpu.rs::gpu_and_cpu_agree_in_three_d_and_on_a_denser_graph	gpu_and_cpu_agree_in_three_d_and_on_a_denser_graph	sym	crates/gv-layout-gpu/src/fr_gpu.rs::gpu_and_cpu_agree_in_three_d_and_on_a_denser_graph	499-513	fn gpu_and_cpu_agree_in_three_d_and_on_a_denser_graph()	fn	tests		actual expected graph params
746	sym:crates/gv-layout-gpu/src/fr_gpu.rs::every_neighbour_contributes_on_the_gpu_too	every_neighbour_contributes_on_the_gpu_too	sym	crates/gv-layout-gpu/src/fr_gpu.rs::every_neighbour_contributes_on_the_gpu_too	517-542	fn every_neighbour_contributes_on_the_gpu_too()	fn	tests		actual params star
747	sym:crates/gv-layout-gpu/src/fr_gpu.rs::repeated_gpu_steps_are_deterministic	repeated_gpu_steps_are_deterministic	sym	crates/gv-layout-gpu/src/fr_gpu.rs::repeated_gpu_steps_are_deterministic	546-558	fn repeated_gpu_steps_are_deterministic()	fn	tests		first graph params second
748	sym:crates/gv-layout-gpu/src/fr_gpu.rs::an_edgeless_graph_steps_without_dispatching_into_nothing	an_edgeless_graph_steps_without_dispatching_into_nothing	sym	crates/gv-layout-gpu/src/fr_gpu.rs::an_edgeless_graph_steps_without_dispatching_into_nothing	562-570	fn an_edgeless_graph_steps_without_dispatching_into_nothing()	fn	tests		actual graph params
749	sym:crates/gv-layout-gpu/src/fr_gpu.rs::assert_positions_close	assert_positions_close	sym	crates/gv-layout-gpu/src/fr_gpu.rs::assert_positions_close	578-597	fn assert_positions_close( actual: &[gv_graph::Node], expected: &[gv_graph::Node], tolerance: f32, )	fn	tests	Compares positions with a relative tolerance. Absolute equality is not available and not the point: the two paths differ in fused multiply-add contraction and in how `length` is lowered, and `k` is on the order of 10⁵, so the absolute error scales with the magnitudes involved.	a actual e error expected tolerance
750	sym:crates/gv-layout-gpu/src/bh_gpu.rs::LEVELS	LEVELS	sym	crates/gv-layout-gpu/src/bh_gpu.rs::LEVELS	35-35	pub const LEVELS: u32 = 10;	const		Bits per axis in a Morton code, and so levels in the tree. Ten rather than the CPU's twenty-one: WGSL has no `u64`, and 30 bits keeps the code in a `u32` so the four-pass radix sort applies unchanged. The lost resolution costs nothing because a leaf holds a body *range* — bodies sharing a code are resolved by iterating them, not by aggregation.	
751	sym:crates/gv-layout-gpu/src/bh_gpu.rs::WORKGROUP	WORKGROUP	sym	crates/gv-layout-gpu/src/bh_gpu.rs::WORKGROUP	37-37	const WORKGROUP: u32 = 256;	const			
752	sym:crates/gv-layout-gpu/src/bh_gpu.rs::Uniforms	Uniforms	sym	crates/gv-layout-gpu/src/bh_gpu.rs::Uniforms	41-46	struct Uniforms	struct			
753	sym:crates/gv-layout-gpu/src/bh_gpu.rs::Prepare	Prepare	sym	crates/gv-layout-gpu/src/bh_gpu.rs::Prepare	49-64	pub struct Prepare	struct		The bounding-cube and Morton-code stages, and the buffers they fill.	
754	sym:crates/gv-layout-gpu/src/bh_gpu.rs::new	new	sym	crates/gv-layout-gpu/src/bh_gpu.rs::new	67-180	pub fn new(context: &GpuContext, buffers: &GraphBuffers, three_d: bool) -> Result<Self>	fn	impl Prepare		bind_group bounds buffers codes context device layout node_count order pipeline pipeline_layout scratch shader storage three_d uniforms
755	sym:crates/gv-layout-gpu/src/bh_gpu.rs::record	record	sym	crates/gv-layout-gpu/src/bh_gpu.rs::record	184-210	pub fn record(&self, context: &GpuContext, encoder: &mut wgpu::CommandEncoder)	fn	impl Prepare	Records the cube, the codes, and the sort that puts bodies in Morton order.	context encoder groups pass
756	sym:crates/gv-layout-gpu/src/bh_gpu.rs::set_three_d	set_three_d	sym	crates/gv-layout-gpu/src/bh_gpu.rs::set_three_d	213-224	pub fn set_three_d(&self, context: &GpuContext, three_d: bool)	fn	impl Prepare	Rewrites the uniforms, for a 2D/3D switch between steps.	context three_d
757	sym:crates/gv-layout-gpu/src/bh_gpu.rs::GpuCell	GpuCell	sym	crates/gv-layout-gpu/src/bh_gpu.rs::GpuCell	237-250	pub struct GpuCell	struct		One cell of the flattened tree, mirroring `bh_tree.wgsl`'s `Cell`. Deliberately *not* `gv_layout::octree::Cell`. That one carries a `body` index and a `_pad`; this carries the body *range* `first..=last`, because a 10-bit code is coarse enough that distinct bodies can collide in one and a leaf has to resolve them by iteration rather than by aggregation. Same 32 bytes, same escape-index walk, diffe…	
758	sym:crates/gv-layout-gpu/src/bh_gpu.rs::TreeUniforms	TreeUniforms	sym	crates/gv-layout-gpu/src/bh_gpu.rs::TreeUniforms	254-261	struct TreeUniforms	struct			
759	sym:crates/gv-layout-gpu/src/bh_gpu.rs::Tree	Tree	sym	crates/gv-layout-gpu/src/bh_gpu.rs::Tree	264-288	pub struct Tree	struct		The tree build: enumeration, depth-first ordering, escapes and masses.	
760	sym:crates/gv-layout-gpu/src/bh_gpu.rs::capacity_for	capacity_for	sym	crates/gv-layout-gpu/src/bh_gpu.rs::capacity_for	300-302	pub fn capacity_for(node_count: u32) -> u32	fn	impl Tree	Cells to allocate for `node_count` bodies. The emitted ranges form a laminar family — every subtree is a contiguous run, and path compression means a node is emitted only where its range first appears, so every internal node splits into at least two children. A laminar family over `n` elements with that property has at most `2n - 1` members, and the root is always one of them. The extra slot is sl…	node_count
761	sym:crates/gv-layout-gpu/src/bh_gpu.rs::new@304	new	sym	crates/gv-layout-gpu/src/bh_gpu.rs::new	304-442	pub fn new( context: &GpuContext, buffers: &GraphBuffers, prepare: &Prepare, three_d: bool, ) -> Result<Self>	fn	impl Tree		bind_group buffers capacity cells context counter device keys layout node_count pipeline pipeline_layout prepare scratch shader storage three_d tree uniform_stride uniforms values
762	sym:crates/gv-layout-gpu/src/bh_gpu.rs::set_three_d@445	set_three_d	sym	crates/gv-layout-gpu/src/bh_gpu.rs::set_three_d	445-461	pub fn set_three_d(&self, queue: &wgpu::Queue, three_d: bool)	fn	impl Tree	Rewrites every level's uniform block, for a 2D/3D switch between steps.	blocks queue start three_d uniforms
763	sym:crates/gv-layout-gpu/src/bh_gpu.rs::record@464	record	sym	crates/gv-layout-gpu/src/bh_gpu.rs::record	464-498	pub fn record(&self, encoder: &mut wgpu::CommandEncoder)	fn	impl Tree	Records the build. [`Prepare::record`] must already have run this step.	encoder over_bodies over_cells
764	sym:crates/gv-layout-gpu/src/bh_gpu.rs::pass	pass	sym	crates/gv-layout-gpu/src/bh_gpu.rs::pass	500-516	fn pass( &self, encoder: &mut wgpu::CommandEncoder, label: &str, pipeline: &wgpu::ComputePipeline, groups_x: u32, groups_y: u32, uniform_offset: u32, )	fn	impl Tree		encoder groups_x groups_y label pipeline uniform_offset
765	sym:crates/gv-layout-gpu/src/bh_gpu.rs::capacity	capacity	sym	crates/gv-layout-gpu/src/bh_gpu.rs::capacity	518-520	pub fn capacity(&self) -> u32	fn	impl Tree		
766	sym:crates/gv-layout-gpu/src/bh_gpu.rs::WalkUniforms	WalkUniforms	sym	crates/gv-layout-gpu/src/bh_gpu.rs::WalkUniforms	525-532	struct WalkUniforms	struct			
767	sym:crates/gv-layout-gpu/src/bh_gpu.rs::BhGpuLayout	BhGpuLayout	sym	crates/gv-layout-gpu/src/bh_gpu.rs::BhGpuLayout	543-560	pub struct BhGpuLayout	struct		Fruchterman-Reingold with the repulsion term approximated by an octree the device builds and walks itself. The node array never reaches host memory: positions go in as buffer contents, the cube, the codes, the sort, the tree and the walk all read and write buffers, and what comes out is the next step's positions. That is the whole point — the CPU tree in `gv_layout::barnes_hut` is fast because it …	
768	sym:crates/gv-layout-gpu/src/bh_gpu.rs::DEFAULT_THETA	DEFAULT_THETA	sym	crates/gv-layout-gpu/src/bh_gpu.rs::DEFAULT_THETA	563-563	pub const DEFAULT_THETA: f32 = 0.5;	const		The opening angle every Barnes-Hut path in this workspace defaults to.	
769	sym:crates/gv-layout-gpu/src/bh_gpu.rs::new@569	new	sym	crates/gv-layout-gpu/src/bh_gpu.rs::new	569-652	pub fn new(context: &GpuContext, buffers: &GraphBuffers) -> Result<Self>	fn	impl BhGpuLayout	`three_d` is not a constructor argument: [`Self::record_step`] writes it from [`LayoutParams`] every step, so the picker can build the layout before anyone has chosen a dimension.	bind_group buffers context device layout pipeline_layout prepare shader storage tree uniforms
770	sym:crates/gv-layout-gpu/src/bh_gpu.rs::read_cell_count	read_cell_count	sym	crates/gv-layout-gpu/src/bh_gpu.rs::read_cell_count	659-661	pub async fn read_cell_count(&self) -> Result<u32>	fn	impl BhGpuLayout	Cells the last recorded build actually emitted. A device read, so it stalls; it is for tests and diagnostics, not the frame path. The walk finds the count on the device instead, out of the root's escape index.	
771	sym:crates/gv-layout-gpu/src/bh_gpu.rs::read_cells	read_cells	sym	crates/gv-layout-gpu/src/bh_gpu.rs::read_cells	664-669	pub async fn read_cells(&self) -> Result<Vec<GpuCell>>	fn	impl BhGpuLayout	The tree as the device built it, for validation against the CPU oracle.	bytes count raw
772	sym:crates/gv-layout-gpu/src/bh_gpu.rs::read_order	read_order	sym	crates/gv-layout-gpu/src/bh_gpu.rs::read_order	673-677	pub async fn read_order(&self) -> Result<Vec<u32>>	fn	impl BhGpuLayout	Bodies in Morton order — the permutation a cell's `first..=last` indexes into. Also a device read, so also not for the frame path.	bytes raw
773	sym:crates/gv-layout-gpu/src/bh_gpu.rs::name	name	sym	crates/gv-layout-gpu/src/bh_gpu.rs::name	681-683	fn name(&self) -> &'static str	fn	impl BhGpuLayout		
774	sym:crates/gv-layout-gpu/src/bh_gpu.rs::record_step	record_step	sym	crates/gv-layout-gpu/src/bh_gpu.rs::record_step	685-730	fn record_step( &mut self, encoder: &mut wgpu::CommandEncoder, queue: &wgpu::Queue, params: &LayoutParams, ) -> Result<()>	fn	impl BhGpuLayout		encoder params pass queue
775	sym:crates/gv-layout-gpu/src/bh_gpu.rs::uniform_stride	uniform_stride	sym	crates/gv-layout-gpu/src/bh_gpu.rs::uniform_stride	736-739	fn uniform_stride<T>(context: &GpuContext) -> u32	fn		Uniform blocks have to start at a multiple of the adapter's minimum dynamic offset alignment, which is 256 on most hardware and never smaller than the structs here.	alignment context
776	sym:crates/gv-layout-gpu/src/bh_gpu.rs::read_bytes	read_bytes	sym	crates/gv-layout-gpu/src/bh_gpu.rs::read_bytes	741-767	async fn read_bytes(context: &GpuContext, buffer: &wgpu::Buffer, bytes: u64) -> Result<Vec<u8>>	fn			buffer bytes context encoder out receiver sender staging view
777	sym:crates/gv-layout-gpu/src/bh_gpu.rs::read_u32	read_u32	sym	crates/gv-layout-gpu/src/bh_gpu.rs::read_u32	769-772	async fn read_u32(context: &GpuContext, buffer: &wgpu::Buffer) -> Result<u32>	fn			buffer bytes context
778	sym:crates/gv-layout-gpu/src/bh_gpu.rs::morton_10	morton_10	sym	crates/gv-layout-gpu/src/bh_gpu.rs::morton_10	778-795	pub fn morton_10(position: [f32; 3], center: [f32; 3], half: f32) -> u32	fn		The CPU mirror of the shader's Morton code, for validation. Deliberately a separate implementation from `gv_layout::octree`, which uses 21 bits in a `u64`; this is the 10-bit form the shader computes.	center half normalised position quantise scale
779	sym:crates/gv-layout-gpu/src/bh_gpu.rs::spread	spread	sym	crates/gv-layout-gpu/src/bh_gpu.rs::spread	779-786	fn spread(value: u32) -> u32	fn			value x
780	sym:crates/gv-layout-gpu/src/bh_gpu.rs::bounding_cube	bounding_cube	sym	crates/gv-layout-gpu/src/bh_gpu.rs::bounding_cube	798-819	pub fn bounding_cube(bodies: &[[f32; 3]]) -> ([f32; 3], f32)	fn		Centre and half-width of the cube the shader derives, for validation.	bodies center extent half high low
781	sym:crates/gv-layout-gpu/src/bh_gpu.rs::Prepared	Prepared	sym	crates/gv-layout-gpu/src/bh_gpu.rs::Prepared	829-832	struct Prepared	struct	tests		
782	sym:crates/gv-layout-gpu/src/bh_gpu.rs::prepare	prepare	sym	crates/gv-layout-gpu/src/bh_gpu.rs::prepare	834-848	fn prepare(graph: &GraphData, three_d: bool) -> Prepared	fn	tests		buffers context count encoder graph three_d
783	sym:crates/gv-layout-gpu/src/bh_gpu.rs::read_back	read_back	sym	crates/gv-layout-gpu/src/bh_gpu.rs::read_back	850-878	fn read_back(context: &GpuContext, buffer: &wgpu::Buffer, count: usize) -> Vec<u32>	fn	tests		buffer bytes context count encoder receiver result sender staging view
784	sym:crates/gv-layout-gpu/src/bh_gpu.rs::bodies_of	bodies_of	sym	crates/gv-layout-gpu/src/bh_gpu.rs::bodies_of	880-889	fn bodies_of(graph: &GraphData, three_d: bool) -> Vec<[f32; 3]>	fn	tests		graph p three_d
785	sym:crates/gv-layout-gpu/src/bh_gpu.rs::the_device_computes_the_same_codes_as_the_host	the_device_computes_the_same_codes_as_the_host	sym	crates/gv-layout-gpu/src/bh_gpu.rs::the_device_computes_the_same_codes_as_the_host	893-917	fn the_device_computes_the_same_codes_as_the_host()	fn	tests		actual bodies center expected graph half prepared
786	sym:crates/gv-layout-gpu/src/bh_gpu.rs::codes_come_back_sorted_and_order_is_a_permutation	codes_come_back_sorted_and_order_is_a_permutation	sym	crates/gv-layout-gpu/src/bh_gpu.rs::codes_come_back_sorted_and_order_is_a_permutation	921-937	fn codes_come_back_sorted_and_order_is_a_permutation()	fn	tests		graph prepared seen
787	sym:crates/gv-layout-gpu/src/bh_gpu.rs::two_d_flattens_the_z_lane_before_the_cube_is_taken	two_d_flattens_the_z_lane_before_the_cube_is_taken	sym	crates/gv-layout-gpu/src/bh_gpu.rs::two_d_flattens_the_z_lane_before_the_cube_is_taken	941-958	fn two_d_flattens_the_z_lane_before_the_cube_is_taken()	fn	tests		bodies center expected graph half prepared
788	sym:crates/gv-layout-gpu/src/bh_gpu.rs::stress_100k	stress_100k	sym	crates/gv-layout-gpu/src/bh_gpu.rs::stress_100k	962-1011	fn stress_100k()	fn	tests		buffers codes context elapsed encoder graph order per_step prepare seen started
789	sym:crates/gv-layout-gpu/src/bh_gpu.rs::BODIES	BODIES	sym	crates/gv-layout-gpu/src/bh_gpu.rs::BODIES	965-965	const BODIES: usize = 100_000;	const	tests		
790	sym:crates/gv-layout-gpu/src/bh_gpu.rs::STEPS	STEPS	sym	crates/gv-layout-gpu/src/bh_gpu.rs::STEPS	966-966	const STEPS: u32 = 50;	const	tests		
791	sym:crates/gv-layout-gpu/src/bh_gpu.rs::coincident_bodies_share_a_code_without_a_degenerate_cube	coincident_bodies_share_a_code_without_a_degenerate_cube	sym	crates/gv-layout-gpu/src/bh_gpu.rs::coincident_bodies_share_a_code_without_a_degenerate_cube	1015-1027	fn coincident_bodies_share_a_code_without_a_degenerate_cube()	fn	tests		graph prepared
792	sym:crates/gv-graph/src/loader.rs::parse	parse	sym	crates/gv-graph/src/loader.rs::parse	21-60	pub fn parse(reader: impl Read) -> Result<(Vec<Edge>, Vec<String>)>	fn		Parses an edge list into dense indices plus the labels they came from. Labels are sorted before indices are assigned — matching the original's `sort` + `unique` + map-build — so the same file always produces the same node numbering regardless of the order edges appear in.	Some edges fields from index labels line pairs reader to
793	sym:crates/gv-graph/src/loader.rs::load	load	sym	crates/gv-graph/src/loader.rs::load	64-79	pub fn load(path: impl AsRef<Path>) -> Result<GraphData>	fn		Loads an edge list from disk and builds the adjacency. Node state is left zeroed; call [`crate::seed`] to place and colour the nodes.	adjacency edges file labels path
794	sym:crates/gv-graph/src/loader.rs::load_with_sidecar	load_with_sidecar	sym	crates/gv-graph/src/loader.rs::load_with_sidecar	87-96	pub fn load_with_sidecar(edges: impl AsRef<Path>, nodes: impl AsRef<Path>) -> Result<GraphData>	fn		Loads an edge list together with a knowledge-graph node sidecar (`nodes.tsv`, as written by `rkg export`). Unlike [`load`], node indices come straight from the sidecar's `index` column and the edge file's integers are used verbatim — **no lexicographic re-interning** — so the two files stay aligned (`"10"` does not sort ahead of `"2"`). Populates [`GraphData::meta`] so the viewer can search by nam…	edge_text edges edges_path nodes sidecar
795	sym:crates/gv-graph/src/loader.rs::from_exported_text	from_exported_text	sym	crates/gv-graph/src/loader.rs::from_exported_text	101-114	pub fn from_exported_text(edges_text: &str, nodes_text: &str) -> Result<GraphData>	fn		Builds a searchable graph from the text of `rkg export`'s `repo.edges` and `nodes.tsv` files. Shared by the native file loader and browser viewer so the two surfaces accept precisely the same artifact format.	adjacency edges edges_text labels meta nodes_text
796	sym:crates/gv-graph/src/loader.rs::parse_sidecar	parse_sidecar	sym	crates/gv-graph/src/loader.rs::parse_sidecar	118-173	fn parse_sidecar(text: &str) -> Result<Vec<NodeMeta>>	fn		Parses a `nodes.tsv` sidecar (`index<TAB>id<TAB>name<TAB>kind<TAB>path`) into a dense `Vec<NodeMeta>` ordered by the `index` column. `#` comment lines skipped.	Some cols container doc id index kind line locals max_index meta name optional path rows signature span symbol_kind text
797	sym:crates/gv-graph/src/loader.rs::parse_span	parse_span	sym	crates/gv-graph/src/loader.rs::parse_span	176-179	fn parse_span(cell: &str) -> Option<(u32, u32)>	fn		Parses a `start-end` span cell into a line range, or `None` if empty/malformed.	cell end start
798	sym:crates/gv-graph/src/loader.rs::parse_indexed_edges	parse_indexed_edges	sym	crates/gv-graph/src/loader.rs::parse_indexed_edges	183-202	fn parse_indexed_edges(text: &str, node_count: usize) -> Result<Vec<Edge>>	fn		Parses an edge list of integer index pairs (as [`load_with_sidecar`] expects), validating that every index is within `node_count`.	Some edges fields from line node_count text to
799	sym:crates/gv-graph/src/loader.rs::assigns_dense_indices_in_sorted_label_order	assigns_dense_indices_in_sorted_label_order	sym	crates/gv-graph/src/loader.rs::assigns_dense_indices_in_sorted_label_order	209-217	fn assigns_dense_indices_in_sorted_label_order()	fn	tests		edges labels
800	sym:crates/gv-graph/src/loader.rs::skips_snap_comment_headers_and_blank_lines	skips_snap_comment_headers_and_blank_lines	sym	crates/gv-graph/src/loader.rs::skips_snap_comment_headers_and_blank_lines	220-226	fn skips_snap_comment_headers_and_blank_lines()	fn	tests		edges input labels
801	sym:crates/gv-graph/src/loader.rs::tolerates_tabs_and_trailing_columns	tolerates_tabs_and_trailing_columns	sym	crates/gv-graph/src/loader.rs::tolerates_tabs_and_trailing_columns	229-233	fn tolerates_tabs_and_trailing_columns()	fn	tests		edges
802	sym:crates/gv-graph/src/loader.rs::rejects_a_line_with_one_field	rejects_a_line_with_one_field	sym	crates/gv-graph/src/loader.rs::rejects_a_line_with_one_field	236-239	fn rejects_a_line_with_one_field()	fn	tests		error
803	sym:crates/gv-graph/src/loader.rs::label_order_is_lexicographic	label_order_is_lexicographic	sym	crates/gv-graph/src/loader.rs::label_order_is_lexicographic	245-248	fn label_order_is_lexicographic()	fn	tests	Labels sort lexicographically, not numerically — "10" precedes "9". That is the original's behaviour and callers depend on it only for determinism, not for ordering, so it is pinned here rather than fixed.	labels
804	sym:crates/gv-graph/src/loader.rs::sidecar_preserves_index_order_without_re_sorting	sidecar_preserves_index_order_without_re_sorting	sym	crates/gv-graph/src/loader.rs::sidecar_preserves_index_order_without_re_sorting	251-264	fn sidecar_preserves_index_order_without_re_sorting()	fn	tests		meta tsv
805	sym:crates/gv-graph/src/loader.rs::indexed_edges_use_integers_verbatim	indexed_edges_use_integers_verbatim	sym	crates/gv-graph/src/loader.rs::indexed_edges_use_integers_verbatim	267-270	fn indexed_edges_use_integers_verbatim()	fn	tests		edges
806	sym:crates/gv-graph/src/loader.rs::indexed_edges_reject_out_of_range	indexed_edges_reject_out_of_range	sym	crates/gv-graph/src/loader.rs::indexed_edges_reject_out_of_range	273-276	fn indexed_edges_reject_out_of_range()	fn	tests		err
807	sym:crates/gv-graph/src/loader.rs::exported_text_loads_the_same_graph_as_the_native_viewer	exported_text_loads_the_same_graph_as_the_native_viewer	sym	crates/gv-graph/src/loader.rs::exported_text_loads_the_same_graph_as_the_native_viewer	279-289	fn exported_text_loads_the_same_graph_as_the_native_viewer()	fn	tests		graph nodes
808	sym:crates/gv-graph/src/lib.rs::Node	Node	sym	crates/gv-graph/src/lib.rs::Node	26-34	pub struct Node	struct		One graph node, 48 bytes, 16-byte aligned. Field order and padding mirror the original `VertexData`/`GraphicData`: `vec4 position; vec4 color; float size; float dx, dy, dz;`	
809	sym:crates/gv-graph/src/lib.rs::Edge	Edge	sym	crates/gv-graph/src/lib.rs::Edge	39-42	pub struct Edge	struct		A directed edge over dense node indices.	
810	sym:crates/gv-graph/src/lib.rs::Csr	Csr	sym	crates/gv-graph/src/lib.rs::Csr	51-56	pub struct Csr	struct		Undirected adjacency in compressed sparse row form. The attractive-force pass gathers per node rather than scattering per edge — that is what removes the read-modify-write race the original's `fruchtermanreingold_attractive.comp` had — and a gather needs each node's neighbour list contiguously. Both arrays upload to the GPU as-is.	
811	sym:crates/gv-graph/src/lib.rs::build	build	sym	crates/gv-graph/src/lib.rs::build	61-86	pub fn build(node_count: usize, edges: &[Edge]) -> Self	fn	impl Csr	Builds the adjacency for `node_count` nodes from a directed edge list, treating every edge as undirected.	cursor degrees edges neighbors node_count offsets running
812	sym:crates/gv-graph/src/lib.rs::neighbors_of	neighbors_of	sym	crates/gv-graph/src/lib.rs::neighbors_of	89-93	pub fn neighbors_of(&self, node: usize) -> &[u32]	fn	impl Csr	Neighbours of `node`.	end node start
813	sym:crates/gv-graph/src/lib.rs::NodeCategory	NodeCategory	sym	crates/gv-graph/src/lib.rs::NodeCategory	100-108	pub enum NodeCategory	enum		What a node represents, when loaded from a knowledge-graph sidecar. Mirrors `rkg_core::NodeKind` but is duplicated here to keep `gv-graph` a leaf crate the knowledge-graph crates depend on, not the other way around.	
814	sym:crates/gv-graph/src/lib.rs::from_tag	from_tag	sym	crates/gv-graph/src/lib.rs::from_tag	112-121	pub fn from_tag(tag: &str) -> Self	fn	impl NodeCategory	Parses the lowercase tag written in `nodes.tsv`.	tag
815	sym:crates/gv-graph/src/lib.rs::tag_short	tag_short	sym	crates/gv-graph/src/lib.rs::tag_short	124-133	pub fn tag_short(self) -> &'static str	fn	impl NodeCategory	Short lowercase label for display in the search list.	
816	sym:crates/gv-graph/src/lib.rs::color	color	sym	crates/gv-graph/src/lib.rs::color	137-146	pub fn color(self) -> [f32; 4]	fn	impl NodeCategory	A fixed, legible RGBA colour per category, used when the loaded graph carries kinds instead of anonymous ids.	
817	sym:crates/gv-graph/src/lib.rs::NodeMeta	NodeMeta	sym	crates/gv-graph/src/lib.rs::NodeMeta	153-170	pub struct NodeMeta	struct		Per-node metadata from a knowledge-graph sidecar (`nodes.tsv`). Empty on a plain edge-list load; populated by [`loader::load_with_sidecar`], which is what the searchable browser reads.	
818	sym:crates/gv-graph/src/lib.rs::GraphData	GraphData	sym	crates/gv-graph/src/lib.rs::GraphData	174-184	pub struct GraphData	struct		A loaded graph: node state, edges, adjacency, and the original string ids.	
819	sym:crates/gv-graph/src/lib.rs::node_count	node_count	sym	crates/gv-graph/src/lib.rs::node_count	187-189	pub fn node_count(&self) -> usize	fn	impl GraphData		
820	sym:crates/gv-graph/src/lib.rs::edge_count	edge_count	sym	crates/gv-graph/src/lib.rs::edge_count	191-193	pub fn edge_count(&self) -> usize	fn	impl GraphData		
821	sym:crates/gv-graph/src/lib.rs::node_matches_the_glsl_struct_layout	node_matches_the_glsl_struct_layout	sym	crates/gv-graph/src/lib.rs::node_matches_the_glsl_struct_layout	201-206	fn node_matches_the_glsl_struct_layout()	fn	tests		
822	sym:crates/gv-graph/src/lib.rs::csr_is_undirected_and_contiguous	csr_is_undirected_and_contiguous	sym	crates/gv-graph/src/lib.rs::csr_is_undirected_and_contiguous	209-229	fn csr_is_undirected_and_contiguous()	fn	tests		csr edges one zero
823	sym:crates/gv-graph/src/lib.rs::csr_handles_isolated_and_self_looped_nodes	csr_handles_isolated_and_self_looped_nodes	sym	crates/gv-graph/src/lib.rs::csr_handles_isolated_and_self_looped_nodes	232-240	fn csr_handles_isolated_and_self_looped_nodes()	fn	tests		csr edges
824	sym:crates/gv-graph/src/testing.rs::from_edges	from_edges	sym	crates/gv-graph/src/testing.rs::from_edges	10-24	pub fn from_edges(node_count: usize, edges: Vec<Edge>, rng_seed: u64) -> GraphData	fn		Builds a graph from an edge list over `node_count` nodes, scattered with [`seed::SeedOptions::default`] at the given seed.	adjacency edges graph node_count rng_seed
825	sym:crates/gv-graph/src/testing.rs::dumbbell	dumbbell	sym	crates/gv-graph/src/testing.rs::dumbbell	28-30	pub fn dumbbell() -> GraphData	fn		Two nodes joined by one edge — the smallest graph with a force balance, which settles at a separation near `k`.	
826	sym:crates/gv-graph/src/testing.rs::path	path	sym	crates/gv-graph/src/testing.rs::path	33-38	pub fn path(node_count: usize) -> GraphData	fn		A path `0 - 1 - ... - (n - 1)`.	edges node_count
827	sym:crates/gv-graph/src/testing.rs::triangle	triangle	sym	crates/gv-graph/src/testing.rs::triangle	41-51	pub fn triangle() -> GraphData	fn		A triangle: every pair joined, so the layout should tend to equilateral.	
828	sym:crates/gv-graph/src/testing.rs::dust	dust	sym	crates/gv-graph/src/testing.rs::dust	55-57	pub fn dust(node_count: usize) -> GraphData	fn		`node_count` nodes and no edges — repulsion only, so it should expand without bound until gravity balances it.	node_count
829	sym:crates/gv-graph/src/testing.rs::distance	distance	sym	crates/gv-graph/src/testing.rs::distance	60-63	pub fn distance(graph: &GraphData, a: usize, b: usize) -> f32	fn		Euclidean distance between two nodes, ignoring the padding lane.	a b graph p q
830	sym:crates/gv-graph/src/testing.rs::all_finite	all_finite	sym	crates/gv-graph/src/testing.rs::all_finite	67-72	pub fn all_finite(graph: &GraphData) -> bool	fn		True if every node position is finite — the cheapest guard against a layout that has diverged or divided by zero.	graph
831	sym:crates/gv-graph/src/seed.rs::SeedOptions	SeedOptions	sym	crates/gv-graph/src/seed.rs::SeedOptions	12-19	pub struct SeedOptions	struct			
832	sym:crates/gv-graph/src/seed.rs::default	default	sym	crates/gv-graph/src/seed.rs::default	22-29	fn default() -> Self	fn	impl SeedOptions		
833	sym:crates/gv-graph/src/seed.rs::scatter	scatter	sym	crates/gv-graph/src/seed.rs::scatter	33-57	pub fn scatter(graph: &mut GraphData, options: SeedOptions)	fn		Places, colours and sizes every node in `graph`.	graph max_size min_size options rng
834	sym:crates/gv-graph/src/seed.rs::colorize_by_kind	colorize_by_kind	sym	crates/gv-graph/src/seed.rs::colorize_by_kind	63-70	pub fn colorize_by_kind(graph: &mut GraphData)	fn		Overrides node colours from their knowledge-graph kind, when the graph was loaded with a sidecar (`GraphData::meta`). Call after [`scatter`] to keep the random positions/sizes but replace the random colours with legible per-kind ones. A no-op when `meta` is empty (a plain edge-list load).	graph
835	sym:crates/gv-graph/src/seed.rs::graph_of	graph_of	sym	crates/gv-graph/src/seed.rs::graph_of	77-82	fn graph_of(count: usize) -> GraphData	fn	tests		count
836	sym:crates/gv-graph/src/seed.rs::same_seed_gives_identical_placement	same_seed_gives_identical_placement	sym	crates/gv-graph/src/seed.rs::same_seed_gives_identical_placement	85-91	fn same_seed_gives_identical_placement()	fn	tests		a b options
837	sym:crates/gv-graph/src/seed.rs::different_seeds_diverge	different_seeds_diverge	sym	crates/gv-graph/src/seed.rs::different_seeds_diverge	94-100	fn different_seeds_diverge()	fn	tests		a b
838	sym:crates/gv-graph/src/seed.rs::two_d_mode_pins_z_to_zero	two_d_mode_pins_z_to_zero	sym	crates/gv-graph/src/seed.rs::two_d_mode_pins_z_to_zero	103-107	fn two_d_mode_pins_z_to_zero()	fn	tests		graph
839	sym:crates/gv-graph/src/seed.rs::colorize_by_kind_overrides_random_colors	colorize_by_kind_overrides_random_colors	sym	crates/gv-graph/src/seed.rs::colorize_by_kind_overrides_random_colors	110-123	fn colorize_by_kind_overrides_random_colors()	fn	tests		graph
840	sym:crates/gv-graph/src/seed.rs::colorize_is_noop_without_meta	colorize_is_noop_without_meta	sym	crates/gv-graph/src/seed.rs::colorize_is_noop_without_meta	126-133	fn colorize_is_noop_without_meta()	fn	tests		after before graph
841	sym:crates/gv-graph/src/seed.rs::stays_inside_the_requested_bounds	stays_inside_the_requested_bounds	sym	crates/gv-graph/src/seed.rs::stays_inside_the_requested_bounds	136-147	fn stays_inside_the_requested_bounds()	fn	tests		graph options
842	sym:crates/gv-gui/src/lib.rs::KindVisibility	KindVisibility	sym	crates/gv-gui/src/lib.rs::KindVisibility	15-21	pub struct KindVisibility	struct		Which node kinds are drawn in the scene. Unchecking one hides its nodes, their edges, and their labels. All visible by default.	
843	sym:crates/gv-gui/src/lib.rs::default	default	sym	crates/gv-gui/src/lib.rs::default	24-32	fn default() -> Self	fn	impl KindVisibility		
844	sym:crates/gv-gui/src/lib.rs::allows	allows	sym	crates/gv-gui/src/lib.rs::allows	37-46	pub fn allows(&self, kind: NodeCategory) -> bool	fn	impl KindVisibility	Whether nodes of `kind` are currently drawn. Unknown kinds always show.	kind
845	sym:crates/gv-gui/src/lib.rs::SearchState	SearchState	sym	crates/gv-gui/src/lib.rs::SearchState	51-60	pub struct SearchState	struct		Persistent state for the node search panel, owned by the app across frames.	
846	sym:crates/gv-gui/src/lib.rs::MAX_RESULTS	MAX_RESULTS	sym	crates/gv-gui/src/lib.rs::MAX_RESULTS	64-64	const MAX_RESULTS: usize = 60;	const		How many matches the panel lists before it stops, to keep the frame cheap on a large repository.	
847	sym:crates/gv-gui/src/lib.rs::FILTER_KINDS	FILTER_KINDS	sym	crates/gv-gui/src/lib.rs::FILTER_KINDS	67-74	const FILTER_KINDS: [(Option<NodeCategory>, &str); 6] = [ (None, "all"), (Some(NodeCategory::Dir), "dir"), (Some(NodeCategory::File), "file"), (Some(NodeCategory::Doc), "doc"), (Some(NodeCategory::Section), "section"), (Some(NodeCategory::S…	const		The kinds offered in the search filter, with their labels.	
848	sym:crates/gv-gui/src/lib.rs::LayoutChoice	LayoutChoice	sym	crates/gv-gui/src/lib.rs::LayoutChoice	82-89	pub enum LayoutChoice	enum		Which algorithm the picker currently has selected. The original keyed this on a bare `int` (0, 1, 2, 3) shared between the radio buttons and a `switch` with no default case, so an unexpected value returned an uninitialised pointer.	
849	sym:crates/gv-gui/src/lib.rs::ALL	ALL	sym	crates/gv-gui/src/lib.rs::ALL	92-98	pub const ALL: [Self; 5] = [ Self::FrGpu, Self::FrGpuBarnesHut, Self::FrCpu, Self::FrBarnesHut, Self::Random, ];	const	impl LayoutChoice		
850	sym:crates/gv-gui/src/lib.rs::label	label	sym	crates/gv-gui/src/lib.rs::label	100-108	pub fn label(self) -> &'static str	fn	impl LayoutChoice		
851	sym:crates/gv-gui/src/lib.rs::is_gpu	is_gpu	sym	crates/gv-gui/src/lib.rs::is_gpu	111-113	pub fn is_gpu(self) -> bool	fn	impl LayoutChoice	True if this layout runs as compute passes rather than on the host.	
852	sym:crates/gv-gui/src/lib.rs::is_approximate	is_approximate	sym	crates/gv-gui/src/lib.rs::is_approximate	117-119	pub fn is_approximate(self) -> bool	fn	impl LayoutChoice	True if this layout approximates repulsion with a tree rather than summing every pair.	
853	sym:crates/gv-gui/src/lib.rs::is_implemented	is_implemented	sym	crates/gv-gui/src/lib.rs::is_implemented	128-130	pub fn is_implemented(self) -> bool	fn	impl LayoutChoice	Whether this layout actually runs what its label says. The picker offers every variant so the set is visible and the CLI is stable, but two are not written yet and quietly run something else. Keeping that on the type — rather than only in a `log::warn!` nobody reads — is what stops the picker from claiming to do something it does not. Delete an arm as its implementation lands.	
854	sym:crates/gv-gui/src/lib.rs::falls_back_to	falls_back_to	sym	crates/gv-gui/src/lib.rs::falls_back_to	133-138	pub fn falls_back_to(self) -> Self	fn	impl LayoutChoice	What actually runs when [`Self::is_implemented`] is false.	
855	sym:crates/gv-gui/src/lib.rs::slug	slug	sym	crates/gv-gui/src/lib.rs::slug	141-149	pub fn slug(self) -> &'static str	fn	impl LayoutChoice	Short name accepted on the command line.	
856	sym:crates/gv-gui/src/lib.rs::Err	Err	sym	crates/gv-gui/src/lib.rs::Err	153-153	type Err = String;	type	impl LayoutChoice		
857	sym:crates/gv-gui/src/lib.rs::from_str	from_str	sym	crates/gv-gui/src/lib.rs::from_str	155-163	fn from_str(text: &str) -> Result<Self, Self::Err>	fn	impl LayoutChoice		known text
858	sym:crates/gv-gui/src/lib.rs::GuiState	GuiState	sym	crates/gv-gui/src/lib.rs::GuiState	167-184	pub struct GuiState<'a>	struct		Everything the panels read or write, in one borrow.	
859	sym:crates/gv-gui/src/lib.rs::GuiActions	GuiActions	sym	crates/gv-gui/src/lib.rs::GuiActions	188-203	pub struct GuiActions	struct		Set when a panel asks the app to do something it cannot do itself.	
860	sym:crates/gv-gui/src/lib.rs::SPEED_RANGE	SPEED_RANGE	sym	crates/gv-gui/src/lib.rs::SPEED_RANGE	206-206	pub const SPEED_RANGE: std::ops::RangeInclusive<f32> = 0.1..=1000.0;	const		Bounds the original clamped `speed` into inside its `InputFloat` handler.	
861	sym:crates/gv-gui/src/lib.rs::MIN_AREA	MIN_AREA	sym	crates/gv-gui/src/lib.rs::MIN_AREA	209-209	pub const MIN_AREA: f32 = 0.1;	const		`area` must stay positive: `k` is proportional to it, and a negative `k` inverts every force. The original clamped this too.	
862	sym:crates/gv-gui/src/lib.rs::MIN_MOVE_SPEED	MIN_MOVE_SPEED	sym	crates/gv-gui/src/lib.rs::MIN_MOVE_SPEED	212-212	pub const MIN_MOVE_SPEED: f32 = 1.0;	const		Bounds for the camera move-speed setting (world units per frame).	
863	sym:crates/gv-gui/src/lib.rs::MAX_MOVE_SPEED	MAX_MOVE_SPEED	sym	crates/gv-gui/src/lib.rs::MAX_MOVE_SPEED	213-213	pub const MAX_MOVE_SPEED: f32 = 5000.0;	const			
864	sym:crates/gv-gui/src/lib.rs::MIN_WHEEL_ZOOM	MIN_WHEEL_ZOOM	sym	crates/gv-gui/src/lib.rs::MIN_WHEEL_ZOOM	215-215	pub const MIN_WHEEL_ZOOM: f32 = 0.1;	const		Bounds for the mouse-wheel zoom multiplier.	
865	sym:crates/gv-gui/src/lib.rs::MAX_WHEEL_ZOOM	MAX_WHEEL_ZOOM	sym	crates/gv-gui/src/lib.rs::MAX_WHEEL_ZOOM	216-216	pub const MAX_WHEEL_ZOOM: f32 = 100.0;	const			
866	sym:crates/gv-gui/src/lib.rs::MAX_SELECTION_DEPTH	MAX_SELECTION_DEPTH	sym	crates/gv-gui/src/lib.rs::MAX_SELECTION_DEPTH	218-218	pub const MAX_SELECTION_DEPTH: u32 = 8;	const		Keep selection traversal bounded on large repository graphs.	
867	sym:crates/gv-gui/src/lib.rs::PANEL_WIDTH	PANEL_WIDTH	sym	crates/gv-gui/src/lib.rs::PANEL_WIDTH	221-221	const PANEL_WIDTH: f32 = 290.0;	const		Width of each edge-anchored panel window.	
868	sym:crates/gv-gui/src/lib.rs::PANEL_MARGIN	PANEL_MARGIN	sym	crates/gv-gui/src/lib.rs::PANEL_MARGIN	223-223	const PANEL_MARGIN: f32 = 8.0;	const		Inset of each panel from the window edge it anchors to.	
869	sym:crates/gv-gui/src/lib.rs::SECTION_GAP	SECTION_GAP	sym	crates/gv-gui/src/lib.rs::SECTION_GAP	225-225	const SECTION_GAP: f32 = 12.0;	const		Vertical padding placed around each section so they read as evenly spaced.	
870	sym:crates/gv-gui/src/lib.rs::section	section	sym	crates/gv-gui/src/lib.rs::section	229-236	fn section(ui: &mut egui::Ui, title: &str, add: impl FnOnce(&mut egui::Ui))	fn		A titled block inside a panel, with even padding above and below and a divider, so stacked sections space consistently.	add title ui
871	sym:crates/gv-gui/src/lib.rs::draw	draw	sym	crates/gv-gui/src/lib.rs::draw	243-378	pub fn draw(ctx: &egui::Context, state: GuiState<'_>) -> GuiActions	fn		Draws every panel and reports what the user asked for. The GUI is sorted into two edge-anchored windows — configuration pinned to the right edge, browsing to the left — leaving the centre clear for the graph. Each stacks titled sections with uniform spacing.	actions ctx label state
872	sym:crates/gv-gui/src/lib.rs::draw_search	draw_search	sym	crates/gv-gui/src/lib.rs::draw_search	383-442	fn draw_search( ui: &mut egui::Ui, search: &mut SearchState, nodes_meta: &[NodeMeta], actions: &mut GuiActions, )	fn		Draws the node search controls: a query box, a kind filter, per-kind scene visibility, and a scrollable list of matches that focus the camera when clicked. Rendered inside the left panel's "Search" section.	actions changed matches meta nodes_meta search selected text ui v
873	sym:crates/gv-gui/src/lib.rs::draw_inspector	draw_inspector	sym	crates/gv-gui/src/lib.rs::draw_inspector	445-494	fn draw_inspector(ui: &mut egui::Ui, meta: &NodeMeta, actions: &mut GuiActions)	fn		Draws the metadata for a clicked node inside the left panel's "Node" section.	actions meta tag ui
874	sym:crates/gv-gui/src/lib.rs::search_matches	search_matches	sym	crates/gv-gui/src/lib.rs::search_matches	500-532	fn search_matches( nodes_meta: &[NodeMeta], query: &str, kind_filter: Option<NodeCategory>, ) -> Vec<usize>	fn		Indices of nodes whose name or path contains `query` (case-insensitive) and match `kind_filter`, ranked with name-prefix hits first. An empty query with no filter returns nothing, so the list starts empty rather than dumping the whole repository.	hits kind_filter name needle nodes_meta query
875	sym:crates/gv-gui/src/lib.rs::clamp_params	clamp_params	sym	crates/gv-gui/src/lib.rs::clamp_params	536-539	pub fn clamp_params(params: &mut LayoutParams)	fn		Applies the clamps [`draw`] enforces, so they can be checked without a rendering context.	params
876	sym:crates/gv-gui/src/lib.rs::exactly_the_device_layouts_report_as_gpu	exactly_the_device_layouts_report_as_gpu	sym	crates/gv-gui/src/lib.rs::exactly_the_device_layouts_report_as_gpu	547-553	fn exactly_the_device_layouts_report_as_gpu()	fn	tests		gpu
877	sym:crates/gv-gui/src/lib.rs::an_unimplemented_layout_falls_back_to_an_implemented_one	an_unimplemented_layout_falls_back_to_an_implemented_one	sym	crates/gv-gui/src/lib.rs::an_unimplemented_layout_falls_back_to_an_implemented_one	556-568	fn an_unimplemented_layout_falls_back_to_an_implemented_one()	fn	tests		target
878	sym:crates/gv-gui/src/lib.rs::exactly_the_tree_layouts_report_as_approximate	exactly_the_tree_layouts_report_as_approximate	sym	crates/gv-gui/src/lib.rs::exactly_the_tree_layouts_report_as_approximate	571-582	fn exactly_the_tree_layouts_report_as_approximate()	fn	tests		approximate
879	sym:crates/gv-gui/src/lib.rs::each_repulsion_strategy_is_offered_on_both_processors	each_repulsion_strategy_is_offered_on_both_processors	sym	crates/gv-gui/src/lib.rs::each_repulsion_strategy_is_offered_on_both_processors	585-599	fn each_repulsion_strategy_is_offered_on_both_processors()	fn	tests		
880	sym:crates/gv-gui/src/lib.rs::all_lists_every_variant_exactly_once	all_lists_every_variant_exactly_once	sym	crates/gv-gui/src/lib.rs::all_lists_every_variant_exactly_once	602-609	fn all_lists_every_variant_exactly_once()	fn	tests		slugs
881	sym:crates/gv-gui/src/lib.rs::slug_round_trips_through_from_str	slug_round_trips_through_from_str	sym	crates/gv-gui/src/lib.rs::slug_round_trips_through_from_str	612-616	fn slug_round_trips_through_from_str()	fn	tests		
882	sym:crates/gv-gui/src/lib.rs::from_str_is_case_insensitive	from_str_is_case_insensitive	sym	crates/gv-gui/src/lib.rs::from_str_is_case_insensitive	619-622	fn from_str_is_case_insensitive()	fn	tests		
883	sym:crates/gv-gui/src/lib.rs::from_str_rejects_unknown_names_and_lists_the_valid_ones	from_str_rejects_unknown_names_and_lists_the_valid_ones	sym	crates/gv-gui/src/lib.rs::from_str_rejects_unknown_names_and_lists_the_valid_ones	625-629	fn from_str_rejects_unknown_names_and_lists_the_valid_ones()	fn	tests		error
884	sym:crates/gv-gui/src/lib.rs::labels_are_distinct	labels_are_distinct	sym	crates/gv-gui/src/lib.rs::labels_are_distinct	632-637	fn labels_are_distinct()	fn	tests		labels
885	sym:crates/gv-gui/src/lib.rs::default_is_the_gpu_layout_the_project_exists_for	default_is_the_gpu_layout_the_project_exists_for	sym	crates/gv-gui/src/lib.rs::default_is_the_gpu_layout_the_project_exists_for	640-642	fn default_is_the_gpu_layout_the_project_exists_for()	fn	tests		
886	sym:crates/gv-gui/src/lib.rs::gui_actions_default_to_doing_nothing	gui_actions_default_to_doing_nothing	sym	crates/gv-gui/src/lib.rs::gui_actions_default_to_doing_nothing	645-650	fn gui_actions_default_to_doing_nothing()	fn	tests		actions
887	sym:crates/gv-gui/src/lib.rs::run_draw	run_draw	sym	crates/gv-gui/src/lib.rs::run_draw	654-677	fn run_draw(config: &mut AppConfig, params: &mut LayoutParams, choice: &mut LayoutChoice) -> GuiActions	fn	tests	Runs the panels headlessly. `egui::Context::run_ui` needs no window, so the real `draw` is exercised — not a stand-in.	actions choice config ctx params search
888	sym:crates/gv-gui/src/lib.rs::meta	meta	sym	crates/gv-gui/src/lib.rs::meta	679-687	fn meta(name: &str, path: &str, kind: NodeCategory) -> NodeMeta	fn	tests		kind name path
889	sym:crates/gv-gui/src/lib.rs::empty_query_without_filter_matches_nothing	empty_query_without_filter_matches_nothing	sym	crates/gv-gui/src/lib.rs::empty_query_without_filter_matches_nothing	690-693	fn empty_query_without_filter_matches_nothing()	fn	tests		nodes
890	sym:crates/gv-gui/src/lib.rs::search_matches_name_and_path_case_insensitively	search_matches_name_and_path_case_insensitively	sym	crates/gv-gui/src/lib.rs::search_matches_name_and_path_case_insensitively	696-704	fn search_matches_name_and_path_case_insensitively()	fn	tests		nodes
891	sym:crates/gv-gui/src/lib.rs::kind_filter_narrows_results	kind_filter_narrows_results	sym	crates/gv-gui/src/lib.rs::kind_filter_narrows_results	707-715	fn kind_filter_narrows_results()	fn	tests		nodes
892	sym:crates/gv-gui/src/lib.rs::exact_name_ranks_before_substring	exact_name_ranks_before_substring	sym	crates/gv-gui/src/lib.rs::exact_name_ranks_before_substring	718-725	fn exact_name_ranks_before_substring()	fn	tests		nodes
893	sym:crates/gv-gui/src/lib.rs::drawing_without_interaction_asks_for_nothing	drawing_without_interaction_asks_for_nothing	sym	crates/gv-gui/src/lib.rs::drawing_without_interaction_asks_for_nothing	728-736	fn drawing_without_interaction_asks_for_nothing()	fn	tests		actions choice config params
894	sym:crates/gv-gui/src/lib.rs::drawing_leaves_valid_state_untouched	drawing_leaves_valid_state_untouched	sym	crates/gv-gui/src/lib.rs::drawing_leaves_valid_state_untouched	739-748	fn drawing_leaves_valid_state_untouched()	fn	tests		before choice config params
895	sym:crates/gv-gui/src/lib.rs::speed_is_clamped_into_the_originals_range	speed_is_clamped_into_the_originals_range	sym	crates/gv-gui/src/lib.rs::speed_is_clamped_into_the_originals_range	751-761	fn speed_is_clamped_into_the_originals_range()	fn	tests		params
896	sym:crates/gv-gui/src/lib.rs::area_cannot_be_driven_to_zero_or_below	area_cannot_be_driven_to_zero_or_below	sym	crates/gv-gui/src/lib.rs::area_cannot_be_driven_to_zero_or_below	764-773	fn area_cannot_be_driven_to_zero_or_below()	fn	tests		params
897	sym:crates/gv-gui/src/lib.rs::clamping_leaves_values_in_range_alone	clamping_leaves_values_in_range_alone	sym	crates/gv-gui/src/lib.rs::clamping_leaves_values_in_range_alone	776-781	fn clamping_leaves_values_in_range_alone()	fn	tests		before params
898	sym:crates/gv-gui/src/lib.rs::gravity_is_deliberately_unclamped	gravity_is_deliberately_unclamped	sym	crates/gv-gui/src/lib.rs::gravity_is_deliberately_unclamped	784-790	fn gravity_is_deliberately_unclamped()	fn	tests		params
899	sym:crates/gv-layout/src/lib.rs::SPEED_DIVISOR	SPEED_DIVISOR	sym	crates/gv-layout/src/lib.rs::SPEED_DIVISOR	26-26	pub const SPEED_DIVISOR: f32 = 400.0;	const		Divisor applied to `speed` before it scales a displacement. Named `SPEED_DIVISOR` in the original's GLSL.	
900	sym:crates/gv-layout/src/lib.rs::AREA_MULTIPLIER	AREA_MULTIPLIER	sym	crates/gv-layout/src/lib.rs::AREA_MULTIPLIER	30-30	pub const AREA_MULTIPLIER: f32 = 500.0;	const		Multiplier applied to `area` when deriving the ideal edge length `k`. Named `AREA_MULTIPLICATOR` in the original's GLSL.	
901	sym:crates/gv-layout/src/lib.rs::LayoutParams	LayoutParams	sym	crates/gv-layout/src/lib.rs::LayoutParams	35-40	pub struct LayoutParams	struct		The three knobs the original exposed in its "Graph settings" ImGui panel, plus the 2D/3D switch that lived in the "Algorithms" panel.	
902	sym:crates/gv-layout/src/lib.rs::default	default	sym	crates/gv-layout/src/lib.rs::default	43-51	fn default() -> Self	fn	impl LayoutParams		
903	sym:crates/gv-layout/src/lib.rs::k	k	sym	crates/gv-layout/src/lib.rs::k	56-58	pub fn k(&self, node_count: usize) -> f32	fn	impl LayoutParams	Ideal edge length: `k = (AREA_MULTIPLIER * area) / (1 + n)`.	node_count
904	sym:crates/gv-layout/src/lib.rs::max_displace	max_displace	sym	crates/gv-layout/src/lib.rs::max_displace	61-63	pub fn max_displace(&self) -> f32	fn	impl LayoutParams	Per-step displacement ceiling, before the speed scale is applied.	
905	sym:crates/gv-layout/src/lib.rs::speed_scale	speed_scale	sym	crates/gv-layout/src/lib.rs::speed_scale	66-68	pub fn speed_scale(&self) -> f32	fn	impl LayoutParams	The factor displacements are scaled by each step.	
906	sym:crates/gv-layout/src/lib.rs::separation	separation	sym	crates/gv-layout/src/lib.rs::separation	76-84	pub fn separation(a: &[f32; 4], b: &[f32; 4], three_d: bool) -> ([f32; 3], f32)	fn		Separation between two nodes: the vector from `a` to `b`, and its length. In 2D the z lane is dropped rather than merely ignored, so a node that still carries a stale z from a 3D run cannot influence the distance.	a b delta length three_d
907	sym:crates/gv-layout/src/lib.rs::attraction	attraction	sym	crates/gv-layout/src/lib.rs::attraction	91-115	pub fn attraction( index: usize, positions: &[[f32; 4]], adjacency: &gv_graph::Csr, k: f32, three_d: bool, ) -> [f32; 3]	fn		Attraction on node `i`: `d² / k` toward each of its neighbours. Gathered over the node's CSR row, so this invocation writes only its own displacement — the structure that removes the original's per-edge race.	adjacency delta displacement distance index k magnitude position positions three_d
908	sym:crates/gv-layout/src/lib.rs::integrate	integrate	sym	crates/gv-layout/src/lib.rs::integrate	123-166	pub fn integrate( graph: &mut GraphData, displacements: Vec<[f32; 3]>, params: &LayoutParams, k: f32, )	fn		Applies gravity, the speed scale and the displacement ceiling, then writes the new positions. Shared by every CPU layout so they cannot drift in how a step is closed out: only the force accumulation above differs between them, and that is the only thing that should.	ceiling displacements graph k length params pull radius speed_scale step three_d
909	sym:crates/gv-layout/src/lib.rs::CpuLayout	CpuLayout	sym	crates/gv-layout/src/lib.rs::CpuLayout	169-175	pub trait CpuLayout	trait		A layout that advances the node array in host memory.	
910	sym:crates/gv-layout/src/lib.rs::k_matches_the_glsl_formula	k_matches_the_glsl_formula	sym	crates/gv-layout/src/lib.rs::k_matches_the_glsl_formula	182-186	fn k_matches_the_glsl_formula()	fn	tests		params
911	sym:crates/gv-layout/src/lib.rs::max_displace_matches_the_glsl_formula	max_displace_matches_the_glsl_formula	sym	crates/gv-layout/src/lib.rs::max_displace_matches_the_glsl_formula	189-193	fn max_displace_matches_the_glsl_formula()	fn	tests		params
912	sym:crates/gv-layout/src/octree.rs::NONE	NONE	sym	crates/gv-layout/src/octree.rs::NONE	29-29	pub const NONE: u32 = u32::MAX;	const		Absent index, for `escape` and `body`.	
913	sym:crates/gv-layout/src/octree.rs::MAX_DEPTH	MAX_DEPTH	sym	crates/gv-layout/src/octree.rs::MAX_DEPTH	39-39	const MAX_DEPTH: u32 = 24;	const		Depth at which subdivision gives up and the cell becomes an aggregate. Coincident bodies never separate no matter how far the tree subdivides, so without a cap the build recurses until it runs out of stack. At this depth a cell spans the root width over 2²⁴, which is far below any distance the force computation can distinguish, so lumping whatever is left changes nothing: bodies that close are at …	
914	sym:crates/gv-layout/src/octree.rs::Cell	Cell	sym	crates/gv-layout/src/octree.rs::Cell	48-65	pub struct Cell	struct		One cell of the flattened tree: an aggregate body plus where to skip to. 32 bytes, `repr(C)`, and laid out so the WGSL mirror needs no padding games — `center` is three separate lanes followed by `mass`, which packs as two 16-byte chunks with no implicit alignment gaps.	
915	sym:crates/gv-layout/src/octree.rs::Octree	Octree	sym	crates/gv-layout/src/octree.rs::Octree	69-80	pub struct Octree	struct		The flattened tree.	
916	sym:crates/gv-layout/src/octree.rs::LEVELS	LEVELS	sym	crates/gv-layout/src/octree.rs::LEVELS	85-85	const LEVELS: u32 = 21;	const		Bits of Morton code per axis, and so the number of levels the tree can distinguish. 21 fits three axes in a `u64` and resolves the root cube to one part in two million, far finer than any distance the forces resolve.	
917	sym:crates/gv-layout/src/octree.rs::spread	spread	sym	crates/gv-layout/src/octree.rs::spread	93-101	fn spread(value: u32) -> u64	fn		Spreads 21 bits so each occupies every third bit position. The standard Morton dilation: five shift-and-mask rounds, which beats a per-bit loop by roughly an order of magnitude and is what makes computing 100k codes free next to sorting them.	value x
918	sym:crates/gv-layout/src/octree.rs::morton	morton	sym	crates/gv-layout/src/octree.rs::morton	109-116	fn morton(position: [f32; 3], center: [f32; 3], half: f32) -> u64	fn		Morton (Z-order) code of a position within the root cube. x lands in the low bit of each three-bit group, matching [`octant_of`], so the code's digits *are* the octant path from the root — which is what lets the build read the tree straight off a sorted array.	center half normalised position quantise scale
919	sym:crates/gv-layout/src/octree.rs::digit	digit	sym	crates/gv-layout/src/octree.rs::digit	120-122	fn digit(code: u64, depth: u32) -> usize	fn		The octant digit of a code at a given depth, root first.	code depth
920	sym:crates/gv-layout/src/octree.rs::Builder	Builder	sym	crates/gv-layout/src/octree.rs::Builder	124-131	struct Builder<'a>	struct			
921	sym:crates/gv-layout/src/octree.rs::emit	emit	sym	crates/gv-layout/src/octree.rs::emit	139-217	fn emit( &mut self, lo: usize, hi: usize, depth: u32, center: [f32; 3], half: f32, ) -> ([f64; 3], u32)	fn	impl Builder<'_>	Emits the subtree covering `keys[lo..hi]` in depth-first order and returns its summed positions and body count. Summed in f64: 100k single-precision additions into one accumulator lose enough low bits to move a centre of mass visibly.	body center child_half child_sum count depth end exhausted half here hi lo mass octant position start sum
922	sym:crates/gv-layout/src/octree.rs::build	build	sym	crates/gv-layout/src/octree.rs::build	225-254	pub fn build(positions: &[[f32; 3]]) -> Self	fn	impl Octree	Builds the tree over `positions`. In 2D the caller is expected to have already flattened z, so that the tree subdivides in the plane the forces actually act in.	builder center half keys positions
923	sym:crates/gv-layout/src/octree.rs::is_empty	is_empty	sym	crates/gv-layout/src/octree.rs::is_empty	256-258	pub fn is_empty(&self) -> bool	fn	impl Octree		
924	sym:crates/gv-layout/src/octree.rs::repulsion	repulsion	sym	crates/gv-layout/src/octree.rs::repulsion	266-315	pub fn repulsion(&self, body: u32, position: [f32; 3], k: f32, theta: f32) -> [f32; 3]	fn	impl Octree	Repulsion on `body` at `position`, as `k² / d` away from every other body, with distant subtrees aggregated. `theta` is the opening angle: a cell is accepted whole when its width over the distance to it falls below `theta`. Zero opens everything and degrades to brute force.	accepted body cell delta displacement distance distance_squared index is_leaf k magnitude position theta theta_squared
925	sym:crates/gv-layout/src/octree.rs::bounding_cube	bounding_cube	sym	crates/gv-layout/src/octree.rs::bounding_cube	319-345	fn bounding_cube(positions: &[[f32; 3]]) -> ([f32; 3], f32)	fn		Centre and half-width of a cube containing every position.	center extent half max min positions
926	sym:crates/gv-layout/src/octree.rs::octant_of	octant_of	sym	crates/gv-layout/src/octree.rs::octant_of	352-356	fn octant_of(position: [f32; 3], center: [f32; 3]) -> usize	fn		Which of the eight octants of `center` a position falls in. Only used to pin the Morton bit convention in the tests — the build reads octants out of the code's digits instead.	center position
927	sym:crates/gv-layout/src/octree.rs::child_center	child_center	sym	crates/gv-layout/src/octree.rs::child_center	360-367	fn child_center(center: [f32; 3], half: f32, octant: usize) -> [f32; 3]	fn		Centre of the given octant of a parent, where `half` is the *child's* half-width.	center half octant offset
928	sym:crates/gv-layout/src/octree.rs::brute_force	brute_force	sym	crates/gv-layout/src/octree.rs::brute_force	373-397	fn brute_force(positions: &[[f32; 3]], body: usize, k: f32) -> [f32; 3]	fn	tests		body delta displacement distance k magnitude position positions
929	sym:crates/gv-layout/src/octree.rs::cloud	cloud	sym	crates/gv-layout/src/octree.rs::cloud	400-409	fn cloud(count: usize) -> Vec<[f32; 3]>	fn	tests	Deterministic pseudo-random cloud, so failures reproduce.	count next state
930	sym:crates/gv-layout/src/octree.rs::the_morton_digit_is_the_octant	the_morton_digit_is_the_octant	sym	crates/gv-layout/src/octree.rs::the_morton_digit_is_the_octant	412-438	fn the_morton_digit_is_the_octant()	fn	tests		center code half
931	sym:crates/gv-layout/src/octree.rs::an_empty_cloud_builds_an_empty_tree	an_empty_cloud_builds_an_empty_tree	sym	crates/gv-layout/src/octree.rs::an_empty_cloud_builds_an_empty_tree	441-443	fn an_empty_cloud_builds_an_empty_tree()	fn	tests		
932	sym:crates/gv-layout/src/octree.rs::a_single_body_is_its_own_leaf	a_single_body_is_its_own_leaf	sym	crates/gv-layout/src/octree.rs::a_single_body_is_its_own_leaf	446-452	fn a_single_body_is_its_own_leaf()	fn	tests		tree
933	sym:crates/gv-layout/src/octree.rs::a_body_feels_nothing_from_itself	a_body_feels_nothing_from_itself	sym	crates/gv-layout/src/octree.rs::a_body_feels_nothing_from_itself	455-458	fn a_body_feels_nothing_from_itself()	fn	tests		tree
934	sym:crates/gv-layout/src/octree.rs::the_root_mass_is_the_body_count	the_root_mass_is_the_body_count	sym	crates/gv-layout/src/octree.rs::the_root_mass_is_the_body_count	461-465	fn the_root_mass_is_the_body_count()	fn	tests		positions tree
935	sym:crates/gv-layout/src/octree.rs::the_root_centre_of_mass_is_the_mean_position	the_root_centre_of_mass_is_the_mean_position	sym	crates/gv-layout/src/octree.rs::the_root_centre_of_mass_is_the_mean_position	468-478	fn the_root_centre_of_mass_is_the_mean_position()	fn	tests		error mean positions tree
936	sym:crates/gv-layout/src/octree.rs::every_escape_index_points_past_its_own_subtree	every_escape_index_points_past_its_own_subtree	sym	crates/gv-layout/src/octree.rs::every_escape_index_points_past_its_own_subtree	481-494	fn every_escape_index_points_past_its_own_subtree()	fn	tests		tree
937	sym:crates/gv-layout/src/octree.rs::a_cells_first_child_is_the_next_cell	a_cells_first_child_is_the_next_cell	sym	crates/gv-layout/src/octree.rs::a_cells_first_child_is_the_next_cell	497-509	fn a_cells_first_child_is_the_next_cell()	fn	tests		tree
938	sym:crates/gv-layout/src/octree.rs::theta_zero_visits_every_body_and_matches_brute_force	theta_zero_visits_every_body_and_matches_brute_force	sym	crates/gv-layout/src/octree.rs::theta_zero_visits_every_body_and_matches_brute_force	512-535	fn theta_zero_visits_every_body_and_matches_brute_force()	fn	tests		approximate error exact k positions scale tree
939	sym:crates/gv-layout/src/octree.rs::the_default_theta_stays_within_a_few_percent_of_brute_force	the_default_theta_stays_within_a_few_percent_of_brute_force	sym	crates/gv-layout/src/octree.rs::the_default_theta_stays_within_a_few_percent_of_brute_force	538-559	fn the_default_theta_stays_within_a_few_percent_of_brute_force()	fn	tests		approximate error exact k magnitude positions tree
940	sym:crates/gv-layout/src/octree.rs::a_larger_theta_visits_fewer_cells	a_larger_theta_visits_fewer_cells	sym	crates/gv-layout/src/octree.rs::a_larger_theta_visits_fewer_cells	562-595	fn a_larger_theta_visits_fewer_cells()	fn	tests		approximate cell count delta distance exact index positions tree visited
941	sym:crates/gv-layout/src/octree.rs::coincident_bodies_terminate_the_build	coincident_bodies_terminate_the_build	sym	crates/gv-layout/src/octree.rs::coincident_bodies_terminate_the_build	598-609	fn coincident_bodies_terminate_the_build()	fn	tests		displacement positions tree
942	sym:crates/gv-layout/src/octree.rs::two_coincident_bodies_do_not_hide_a_third	two_coincident_bodies_do_not_hide_a_third	sym	crates/gv-layout/src/octree.rs::two_coincident_bodies_do_not_hide_a_third	612-623	fn two_coincident_bodies_do_not_hide_a_third()	fn	tests		displacement positions single tree
943	sym:crates/gv-layout/src/octree.rs::the_walk_terminates_on_a_degenerate_cloud	the_walk_terminates_on_a_degenerate_cloud	sym	crates/gv-layout/src/octree.rs::the_walk_terminates_on_a_degenerate_cloud	626-632	fn the_walk_terminates_on_a_degenerate_cloud()	fn	tests		displacement positions tree
944	sym:crates/gv-layout/src/octree.rs::the_cell_layout_is_what_the_shader_expects	the_cell_layout_is_what_the_shader_expects	sym	crates/gv-layout/src/octree.rs::the_cell_layout_is_what_the_shader_expects	635-638	fn the_cell_layout_is_what_the_shader_expects()	fn	tests		
945	sym:crates/gv-layout/src/barnes_hut.rs::BarnesHutLayout	BarnesHutLayout	sym	crates/gv-layout/src/barnes_hut.rs::BarnesHutLayout	17-21	pub struct BarnesHutLayout	struct			
946	sym:crates/gv-layout/src/barnes_hut.rs::default	default	sym	crates/gv-layout/src/barnes_hut.rs::default	24-26	fn default() -> Self	fn	impl BarnesHutLayout		
947	sym:crates/gv-layout/src/barnes_hut.rs::name	name	sym	crates/gv-layout/src/barnes_hut.rs::name	30-32	fn name(&self) -> &'static str	fn	impl BarnesHutLayout		
948	sym:crates/gv-layout/src/barnes_hut.rs::step	step	sym	crates/gv-layout/src/barnes_hut.rs::step	34-83	fn step(&mut self, graph: &mut GraphData, params: &LayoutParams)	fn	impl BarnesHutLayout		adjacency attractive bodies displacement displacements graph i k node_count params positions theta three_d tree walked
949	sym:crates/gv-layout/src/barnes_hut.rs::names_itself_for_the_picker	names_itself_for_the_picker	sym	crates/gv-layout/src/barnes_hut.rs::names_itself_for_the_picker	93-95	fn names_itself_for_the_picker()	fn	tests		
950	sym:crates/gv-layout/src/barnes_hut.rs::defaults_to_the_conventional_opening_angle	defaults_to_the_conventional_opening_angle	sym	crates/gv-layout/src/barnes_hut.rs::defaults_to_the_conventional_opening_angle	98-100	fn defaults_to_the_conventional_opening_angle()	fn	tests		
951	sym:crates/gv-layout/src/barnes_hut.rs::theta_zero_reproduces_brute_force	theta_zero_reproduces_brute_force	sym	crates/gv-layout/src/barnes_hut.rs::theta_zero_reproduces_brute_force	103-121	fn theta_zero_reproduces_brute_force()	fn	tests		approximate delta exact params
952	sym:crates/gv-layout/src/barnes_hut.rs::the_default_theta_stays_close_to_brute_force	the_default_theta_stays_close_to_brute_force	sym	crates/gv-layout/src/barnes_hut.rs::the_default_theta_stays_close_to_brute_force	124-145	fn the_default_theta_stays_close_to_brute_force()	fn	tests		approximate exact params worst
953	sym:crates/gv-layout/src/barnes_hut.rs::coincident_nodes_do_not_produce_nan	coincident_nodes_do_not_produce_nan	sym	crates/gv-layout/src/barnes_hut.rs::coincident_nodes_do_not_produce_nan	148-157	fn coincident_nodes_do_not_produce_nan()	fn	tests		graph
954	sym:crates/gv-layout/src/barnes_hut.rs::an_empty_graph_is_a_no_op	an_empty_graph_is_a_no_op	sym	crates/gv-layout/src/barnes_hut.rs::an_empty_graph_is_a_no_op	160-164	fn an_empty_graph_is_a_no_op()	fn	tests		graph
955	sym:crates/gv-layout/src/barnes_hut.rs::identical_input_gives_identical_output	identical_input_gives_identical_output	sym	crates/gv-layout/src/barnes_hut.rs::identical_input_gives_identical_output	167-173	fn identical_input_gives_identical_output()	fn	tests		a b params
956	sym:crates/gv-layout/src/fr_cpu.rs::FrCpuLayout	FrCpuLayout	sym	crates/gv-layout/src/fr_cpu.rs::FrCpuLayout	15-15	pub struct FrCpuLayout;	struct			
957	sym:crates/gv-layout/src/fr_cpu.rs::name	name	sym	crates/gv-layout/src/fr_cpu.rs::name	18-20	fn name(&self) -> &'static str	fn	impl FrCpuLayout		
958	sym:crates/gv-layout/src/fr_cpu.rs::step	step	sym	crates/gv-layout/src/fr_cpu.rs::step	22-73	fn step(&mut self, graph: &mut GraphData, params: &LayoutParams)	fn	impl FrCpuLayout		adjacency attractive delta displacement displacements distance graph k magnitude node_count params position positions three_d
959	sym:crates/gv-layout/src/fr_cpu.rs::run	run	sym	crates/gv-layout/src/fr_cpu.rs::run	86-91	fn run(graph: &mut GraphData, params: &LayoutParams, steps: usize)	fn	tests		graph layout params steps
960	sym:crates/gv-layout/src/fr_cpu.rs::names_itself_for_the_picker	names_itself_for_the_picker	sym	crates/gv-layout/src/fr_cpu.rs::names_itself_for_the_picker	94-96	fn names_itself_for_the_picker()	fn	tests		
961	sym:crates/gv-layout/src/fr_cpu.rs::a_single_step_leaves_positions_finite	a_single_step_leaves_positions_finite	sym	crates/gv-layout/src/fr_cpu.rs::a_single_step_leaves_positions_finite	99-103	fn a_single_step_leaves_positions_finite()	fn	tests		graph
962	sym:crates/gv-layout/src/fr_cpu.rs::two_joined_nodes_settle_near_the_ideal_edge_length	two_joined_nodes_settle_near_the_ideal_edge_length	sym	crates/gv-layout/src/fr_cpu.rs::two_joined_nodes_settle_near_the_ideal_edge_length	106-129	fn two_joined_nodes_settle_near_the_ideal_edge_length()	fn	tests		graph k params separation
963	sym:crates/gv-layout/src/fr_cpu.rs::identical_input_gives_identical_output	identical_input_gives_identical_output	sym	crates/gv-layout/src/fr_cpu.rs::identical_input_gives_identical_output	132-141	fn identical_input_gives_identical_output()	fn	tests		a b params
964	sym:crates/gv-layout/src/fr_cpu.rs::two_d_mode_never_leaves_the_plane	two_d_mode_never_leaves_the_plane	sym	crates/gv-layout/src/fr_cpu.rs::two_d_mode_never_leaves_the_plane	144-152	fn two_d_mode_never_leaves_the_plane()	fn	tests		graph params
965	sym:crates/gv-layout/src/fr_cpu.rs::unconnected_nodes_repel_each_other	unconnected_nodes_repel_each_other	sym	crates/gv-layout/src/fr_cpu.rs::unconnected_nodes_repel_each_other	155-164	fn unconnected_nodes_repel_each_other()	fn	tests		before graph
966	sym:crates/gv-layout/src/fr_cpu.rs::coincident_nodes_do_not_produce_nan	coincident_nodes_do_not_produce_nan	sym	crates/gv-layout/src/fr_cpu.rs::coincident_nodes_do_not_produce_nan	167-175	fn coincident_nodes_do_not_produce_nan()	fn	tests		graph
967	sym:crates/gv-layout/src/fr_cpu.rs::an_empty_graph_is_a_no_op	an_empty_graph_is_a_no_op	sym	crates/gv-layout/src/fr_cpu.rs::an_empty_graph_is_a_no_op	178-182	fn an_empty_graph_is_a_no_op()	fn	tests		graph
968	sym:crates/gv-layout/src/fr_cpu.rs::no_step_moves_a_node_further_than_the_displacement_ceiling	no_step_moves_a_node_further_than_the_displacement_ceiling	sym	crates/gv-layout/src/fr_cpu.rs::no_step_moves_a_node_further_than_the_displacement_ceiling	185-203	fn no_step_moves_a_node_further_than_the_displacement_ceiling()	fn	tests		before ceiling current graph moved params
969	sym:crates/gv-layout/src/fr_cpu.rs::every_edge_contributes_to_attraction	every_edge_contributes_to_attraction	sym	crates/gv-layout/src/fr_cpu.rs::every_edge_contributes_to_attraction	206-233	fn every_edge_contributes_to_attraction()	fn	tests		hub_before params star
970	sym:crates/gv-layout/src/random.rs::RandomLayout	RandomLayout	sym	crates/gv-layout/src/random.rs::RandomLayout	12-12	pub struct RandomLayout;	struct			
971	sym:crates/gv-layout/src/random.rs::name	name	sym	crates/gv-layout/src/random.rs::name	15-17	fn name(&self) -> &'static str	fn	impl RandomLayout		
972	sym:crates/gv-layout/src/random.rs::step	step	sym	crates/gv-layout/src/random.rs::step	19-21	fn step(&mut self, _graph: &mut GraphData, _params: &LayoutParams)	fn	impl RandomLayout		_graph _params
973	sym:crates/gv-layout/src/random.rs::names_itself_for_the_picker	names_itself_for_the_picker	sym	crates/gv-layout/src/random.rs::names_itself_for_the_picker	30-32	fn names_itself_for_the_picker()	fn	tests		
974	sym:crates/gv-layout/src/random.rs::every_node_moves	every_node_moves	sym	crates/gv-layout/src/random.rs::every_node_moves	36-44	fn every_node_moves()	fn	tests		before graph
975	sym:crates/gv-layout/src/random.rs::jitter_respects_the_displacement_ceiling	jitter_respects_the_displacement_ceiling	sym	crates/gv-layout/src/random.rs::jitter_respects_the_displacement_ceiling	48-63	fn jitter_respects_the_displacement_ceiling()	fn	tests		before ceiling current graph moved params
976	sym:crates/gv-layout/src/random.rs::two_d_mode_never_leaves_the_plane	two_d_mode_never_leaves_the_plane	sym	crates/gv-layout/src/random.rs::two_d_mode_never_leaves_the_plane	67-74	fn two_d_mode_never_leaves_the_plane()	fn	tests		graph
977	sym:crates/gv-layout/src/random.rs::an_empty_graph_is_a_no_op	an_empty_graph_is_a_no_op	sym	crates/gv-layout/src/random.rs::an_empty_graph_is_a_no_op	78-82	fn an_empty_graph_is_a_no_op()	fn	tests		graph
978	sec:README.md#repograph	repograph	sec	README.md#repograph						
979	sec:README.md#install-rust	Install Rust	sec	README.md#install-rust						
980	sec:README.md#build	Build	sec	README.md#build						
981	sec:README.md#full-example	Full example	sec	README.md#full-example						
982	sec:README.md#rkg--the-scanner--query-cli	`rkg` — the scanner & query CLI	sec	README.md#rkg--the-scanner--query-cli						
983	sec:README.md#the-viewer	The viewer	sec	README.md#the-viewer						
984	sec:README.md#web-viewer	Web viewer	sec	README.md#web-viewer						
985	sec:README.md#mcp-server--query-the-graph-from-coding-agents	MCP server — query the graph from coding agents	sec	README.md#mcp-server--query-the-graph-from-coding-agents						
986	sec:README.md#install-for-a-client	Install for a client	sec	README.md#install-for-a-client						
987	sec:README.md#how-it-fits-together	How it fits together	sec	README.md#how-it-fits-together						
988	sec:README.md#node-kinds-edge-kinds--on-disk-formats	Node kinds, edge kinds & on-disk formats	sec	README.md#node-kinds-edge-kinds--on-disk-formats						
989	sec:README.md#credits	Credits	sec	README.md#credits						
990	sec:README.md#license	License	sec	README.md#license						
991	sym:web/app.js::open	open	sym	web/app.js::open	12-30	async function open(edgesText, nodesText)	fn			edgesText nodesText
